MCM_ENTRY | side=LONG entry=132.792391 sl=132.445408 tp=134.220787 rr=4.1166 self_state=stressed attractor=cooperate memory_center=0.9476 memory_strength=25 focus_direction=0.7035 focus_strength=0.6641 focus_confidence=0.3440 target_lock=0.4994 noise_damp=0.1053 signal_relevance=0.3597 entry_expectation=0.4553 target_expectation=0.1009 approach_pressure=0.4435 pressure_release=0.4857 experience_regulation=0.2993 reflection_maturity=0.5323 signature_key=e:1.00|c:1.00|a:1|cp:1.00|ri:0.00|fp:0.40|fc:0.20|tl:0.40|td:-0.40|ee:0.40|te:0.20|ap:0.40|pr:0.40|er:0.20|rm:0.60|lb:0.40|pw:1.00|pc:0.60|sr:0.40|nd:0.20|tm:0.75|th:0.25|mc:1.00|ms:12|at:1|ss:-1 signature_bias=0.0000 signature_block=False signature_quality=0.0000 signature_distance=0.0842 context_cluster_id=ctx_6 context_cluster_bias=0.0000 context_cluster_quality=0.0000 context_cluster_distance=0.0842 context_cluster_block=False inhibition_level=0.1365 habituation_level=0.0547 competition_bias=0.1587 observation_mode=False long_score=1.5457 short_score=-2.7314
MCM_ENTRY | side=LONG entry=130.998346 sl=130.656533 tp=132.335693 rr=3.9125 self_state=stressed attractor=defense memory_center=-0.7494 memory_strength=29 focus_direction=0.6083 focus_strength=0.4333 focus_confidence=0.1784 target_lock=0.3209 noise_damp=0.2592 signal_relevance=0.2139 entry_expectation=0.3313 target_expectation=0.0714 approach_pressure=0.5131 pressure_release=0.1969 experience_regulation=0.4314 reflection_maturity=0.7901 signature_key=e:1.00|c:0.60|a:1|cp:1.00|ri:0.00|fp:0.20|fc:0.20|tl:0.20|td:-0.20|ee:0.40|te:0.00|ap:0.60|pr:0.20|er:0.40|rm:0.80|lb:0.60|pw:1.00|pc:0.80|sr:0.20|nd:0.20|tm:0.75|th:0.25|mc:-0.75|ms:12|at:-2|ss:-1 signature_bias=0.0000 signature_block=False signature_quality=0.0000 signature_distance=0.3273 context_cluster_id=- context_cluster_bias=0.0000 context_cluster_quality=0.0000 context_cluster_distance=0.0000 context_cluster_block=False inhibition_level=0.1939 habituation_level=0.0234 competition_bias=0.1007 observation_mode=False long_score=0.9688 short_score=-2.1056
MCM_ENTRY | side=SHORT entry=134.004638 sl=134.334715 tp=132.622354 rr=4.1878 self_state=active attractor=defense memory_center=-1.9727 memory_strength=23 focus_direction=-0.6684 focus_strength=0.0000 focus_confidence=0.0000 target_lock=0.0212 noise_damp=0.1134 signal_relevance=0.0635 entry_expectation=0.2699 target_expectation=0.0571 approach_pressure=0.4496 pressure_release=0.3185 experience_regulation=0.5379 reflection_maturity=0.7214 signature_key=e:1.00|c:-0.80|a:-1|cp:-1.00|ri:0.00|fp:-0.20|fc:0.00|tl:0.00|td:0.20|ee:0.20|te:0.00|ap:0.40|pr:0.40|er:0.60|rm:0.80|lb:0.60|pw:1.00|pc:0.80|sr:0.00|nd:0.20|tm:0.00|th:0.50|mc:-2.00|ms:12|at:-2|ss:1 signature_bias=0.0000 signature_block=False signature_quality=0.0000 signature_distance=0.0000 context_cluster_id=- context_cluster_bias=0.0000 context_cluster_quality=0.0000 context_cluster_distance=0.0000 context_cluster_block=False inhibition_level=0.1761 habituation_level=0.0180 competition_bias=-0.1302 observation_mode=False long_score=-2.5715 short_score=1.4689
MCM_ENTRY | side=LONG entry=138.350289 sl=137.991775 tp=139.785283 rr=4.0026 self_state=stressed attractor=cooperate memory_center=0.2247 memory_strength=33 focus_direction=0.4129 focus_strength=0.4340 focus_confidence=0.2137 target_lock=0.3115 noise_damp=0.0739 signal_relevance=0.2207 entry_expectation=0.4182 target_expectation=0.0970 approach_pressure=0.6441 pressure_release=0.4173 experience_regulation=0.4668 reflection_maturity=0.7132 signature_key=e:0.75|c:0.60|a:1|cp:0.50|ri:0.00|fp:0.00|fc:0.20|tl:0.20|td:0.00|ee:0.40|te:0.00|ap:0.60|pr:0.40|er:0.40|rm:0.80|lb:0.60|pw:1.00|pc:0.80|sr:0.20|nd:0.00|tm:0.50|th:0.25|mc:0.25|ms:12|at:1|ss:-1 signature_bias=0.0000 signature_block=False signature_quality=0.0000 signature_distance=0.2342 context_cluster_id=ctx_11 context_cluster_bias=0.0000 context_cluster_quality=0.0000 context_cluster_distance=0.2467 context_cluster_block=False inhibition_level=0.1524 habituation_level=0.0300 competition_bias=0.0520 observation_mode=False long_score=0.9198 short_score=-1.7497
MCM_ENTRY | side=LONG entry=139.979481 sl=139.613536 tp=141.481807 rr=4.1053 self_state=stressed attractor=defense memory_center=-1.0184 memory_strength=26 focus_direction=0.6949 focus_strength=0.6639 focus_confidence=0.3261 target_lock=0.4668 noise_damp=0.1034 signal_relevance=0.3409 entry_expectation=0.4177 target_expectation=0.0874 approach_pressure=0.5845 pressure_release=0.0063 experience_regulation=0.4605 reflection_maturity=0.6649 signature_key=e:1.00|c:0.80|a:1|cp:0.75|ri:0.00|fp:0.20|fc:0.20|tl:0.40|td:-0.20|ee:0.40|te:0.00|ap:0.60|pr:0.00|er:0.40|rm:0.60|lb:0.60|pw:1.00|pc:0.80|sr:0.40|nd:0.20|tm:0.75|th:0.25|mc:-1.00|ms:12|at:-2|ss:-1 signature_bias=0.0000 signature_block=False signature_quality=0.0000 signature_distance=0.1981 context_cluster_id=ctx_15 context_cluster_bias=0.0000 context_cluster_quality=0.0000 context_cluster_distance=0.2246 context_cluster_block=False inhibition_level=0.1668 habituation_level=0.0368 competition_bias=0.1389 observation_mode=False long_score=0.9517 short_score=-1.8775
MCM_ENTRY | side=LONG entry=135.967925 sl=135.632870 tp=137.370782 rr=4.1869 self_state=active attractor=cooperate memory_center=0.7522 memory_strength=38 focus_direction=0.1526 focus_strength=0.1658 focus_confidence=0.0736 target_lock=0.1349 noise_damp=0.0963 signal_relevance=0.0804 entry_expectation=0.2900 target_expectation=0.0587 approach_pressure=0.5949 pressure_release=0.2455 experience_regulation=0.3912 reflection_maturity=0.6503 signature_key=e:0.50|c:0.20|a:1|cp:0.25|ri:0.00|fp:0.00|fc:0.00|tl:0.20|td:0.00|ee:0.20|te:0.00|ap:0.60|pr:0.20|er:0.40|rm:0.60|lb:0.40|pw:1.00|pc:0.80|sr:0.00|nd:0.00|tm:0.25|th:0.25|mc:0.75|ms:12|at:1|ss:1 signature_bias=0.0000 signature_block=False signature_quality=0.0000 signature_distance=0.2927 context_cluster_id=- context_cluster_bias=0.0000 context_cluster_quality=0.0000 context_cluster_distance=0.0000 context_cluster_block=False inhibition_level=0.1246 habituation_level=0.0206 competition_bias=0.0167 observation_mode=False long_score=0.3400 short_score=-1.0052
MCM_ENTRY | side=LONG entry=138.359673 sl=137.998168 tp=139.829701 rr=4.0664 self_state=stressed attractor=defense memory_center=-0.8860 memory_strength=22 focus_direction=0.6547 focus_strength=0.6383 focus_confidence=0.3172 target_lock=0.4526 noise_damp=0.0916 signal_relevance=0.3298 entry_expectation=0.4466 target_expectation=0.1044 approach_pressure=0.5618 pressure_release=0.3655 experience_regulation=0.4023 reflection_maturity=0.5515 signature_key=e:1.00|c:0.80|a:1|cp:1.00|ri:0.00|fp:0.20|fc:0.20|tl:0.40|td:-0.20|ee:0.40|te:0.20|ap:0.60|pr:0.40|er:0.40|rm:0.60|lb:0.40|pw:1.00|pc:0.60|sr:0.40|nd:0.00|tm:0.75|th:0.25|mc:-1.00|ms:12|at:-2|ss:-1 signature_bias=0.0000 signature_block=False signature_quality=0.0000 signature_distance=0.0658 context_cluster_id=ctx_15 context_cluster_bias=-0.1841 context_cluster_quality=-0.1841 context_cluster_distance=0.1374 context_cluster_block=False inhibition_level=0.1987 habituation_level=0.0348 competition_bias=0.1113 observation_mode=False long_score=0.8318 short_score=-2.1918
MCM_ENTRY | side=LONG entry=136.645788 sl=136.295241 tp=138.081535 rr=4.0957 self_state=stressed attractor=defense memory_center=-2.1996 memory_strength=28 focus_direction=0.5897 focus_strength=0.5692 focus_confidence=0.3009 target_lock=0.3963 noise_damp=0.1463 signal_relevance=0.2913 entry_expectation=0.4265 target_expectation=0.0994 approach_pressure=0.6218 pressure_release=0.0924 experience_regulation=0.4670 reflection_maturity=0.7573 signature_key=e:1.00|c:0.80|a:1|cp:0.75|ri:0.00|fp:0.00|fc:0.20|tl:0.20|td:0.00|ee:0.40|te:0.00|ap:0.60|pr:0.00|er:0.40|rm:0.80|lb:0.60|pw:1.00|pc:0.80|sr:0.20|nd:0.20|tm:0.75|th:0.25|mc:-2.25|ms:12|at:-2|ss:-1 signature_bias=0.0000 signature_block=False signature_quality=0.0000 signature_distance=0.1646 context_cluster_id=ctx_15 context_cluster_bias=-0.2400 context_cluster_quality=-0.3430 context_cluster_distance=0.2571 context_cluster_block=False inhibition_level=0.2049 habituation_level=0.0295 competition_bias=0.0440 observation_mode=False long_score=0.8114 short_score=-2.1487
MCM_ENTRY | side=SHORT entry=138.199631 sl=138.560456 tp=136.864084 rr=3.7014 self_state=stressed attractor=defense memory_center=-2.1997 memory_strength=28 focus_direction=-0.6214 focus_strength=0.0000 focus_confidence=0.0000 target_lock=0.0429 noise_damp=0.1627 signal_relevance=0.0622 entry_expectation=0.3365 target_expectation=0.0686 approach_pressure=0.5870 pressure_release=0.3400 experience_regulation=0.4605 reflection_maturity=0.6063 signature_key=e:1.00|c:-0.80|a:-1|cp:-0.75|ri:0.00|fp:-0.20|fc:0.00|tl:0.00|td:0.20|ee:0.40|te:0.00|ap:0.60|pr:0.40|er:0.40|rm:0.60|lb:0.60|pw:1.00|pc:0.80|sr:0.00|nd:0.20|tm:0.00|th:0.50|mc:-2.25|ms:12|at:-2|ss:-1 signature_bias=0.0000 signature_block=False signature_quality=0.0000 signature_distance=0.2596 context_cluster_id=- context_cluster_bias=0.0000 context_cluster_quality=0.0000 context_cluster_distance=0.0000 context_cluster_block=False inhibition_level=0.1893 habituation_level=0.0354 competition_bias=-0.0977 observation_mode=False long_score=-2.4181 short_score=1.3314
MCM_ENTRY | side=LONG entry=142.451409 sl=142.084927 tp=144.006706 rr=4.2439 self_state=active attractor=explore memory_center=2.0350 memory_strength=46 focus_direction=0.4007 focus_strength=0.3079 focus_confidence=0.1648 target_lock=0.2862 noise_damp=0.1813 signal_relevance=0.1834 entry_expectation=0.3812 target_expectation=0.0839 approach_pressure=0.6509 pressure_release=0.2383 experience_regulation=0.4785 reflection_maturity=0.7087 signature_key=e:1.00|c:0.60|a:1|cp:0.25|ri:0.00|fp:0.20|fc:0.20|tl:0.20|td:-0.20|ee:0.40|te:0.00|ap:0.60|pr:0.20|er:0.40|rm:0.80|lb:0.60|pw:1.00|pc:0.60|sr:0.20|nd:0.20|tm:0.50|th:0.25|mc:2.00|ms:12|at:2|ss:1 signature_bias=0.0000 signature_block=False signature_quality=0.0000 signature_distance=0.2192 context_cluster_id=ctx_20 context_cluster_bias=0.0000 context_cluster_quality=0.0000 context_cluster_distance=0.2190 context_cluster_block=False inhibition_level=0.1593 habituation_level=0.0582 competition_bias=0.0976 observation_mode=False long_score=0.9585 short_score=-2.0182
MCM_ENTRY | side=LONG entry=142.010887 sl=141.580422 tp=143.439797 rr=3.3194 self_state=stressed attractor=defense memory_center=-1.6580 memory_strength=29 focus_direction=0.5097 focus_strength=0.3320 focus_confidence=0.1387 target_lock=0.2529 noise_damp=0.2692 signal_relevance=0.1645 entry_expectation=0.2858 target_expectation=0.0553 approach_pressure=0.4989 pressure_release=0.0187 experience_regulation=0.5270 reflection_maturity=0.7309 signature_key=e:1.00|c:0.60|a:1|cp:1.00|ri:0.00|fp:0.20|fc:0.00|tl:0.20|td:-0.20|ee:0.20|te:0.00|ap:0.40|pr:0.00|er:0.60|rm:0.80|lb:0.60|pw:1.00|pc:0.80|sr:0.20|nd:0.20|tm:0.50|th:0.25|mc:-1.75|ms:12|at:-2|ss:-1 signature_bias=0.0000 signature_block=False signature_quality=0.0000 signature_distance=0.0742 context_cluster_id=ctx_12 context_cluster_bias=-0.2400 context_cluster_quality=-0.4330 context_cluster_distance=0.1930 context_cluster_block=False inhibition_level=0.1977 habituation_level=0.0204 competition_bias=0.0834 observation_mode=False long_score=0.5366 short_score=-1.9947
MCM_ENTRY | side=LONG entry=144.727078 sl=144.370242 tp=146.337282 rr=4.5124 self_state=active attractor=explore memory_center=2.0658 memory_strength=46 focus_direction=0.4585 focus_strength=0.3399 focus_confidence=0.1695 target_lock=0.3050 noise_damp=0.1766 signal_relevance=0.1983 entry_expectation=0.4583 target_expectation=0.1062 approach_pressure=0.4898 pressure_release=0.1523 experience_regulation=0.4724 reflection_maturity=0.8756 signature_key=e:0.75|c:0.40|a:1|cp:0.50|ri:0.00|fp:0.40|fc:0.20|tl:0.40|td:-0.40|ee:0.40|te:0.20|ap:0.40|pr:0.20|er:0.40|rm:0.80|lb:0.60|pw:1.00|pc:0.80|sr:0.20|nd:0.20|tm:0.50|th:0.25|mc:2.00|ms:12|at:2|ss:1 signature_bias=0.0000 signature_block=False signature_quality=0.0000 signature_distance=0.0758 context_cluster_id=ctx_20 context_cluster_bias=0.2400 context_cluster_quality=0.5157 context_cluster_distance=0.1669 context_cluster_block=False inhibition_level=0.1693 habituation_level=0.0741 competition_bias=0.1577 observation_mode=False long_score=1.2753 short_score=-2.3938
MCM_ENTRY | side=LONG entry=141.703238 sl=141.353966 tp=143.178435 rr=4.2236 self_state=active attractor=cooperate memory_center=0.5728 memory_strength=58 focus_direction=0.3853 focus_strength=0.1702 focus_confidence=0.0380 target_lock=0.1425 noise_damp=0.3118 signal_relevance=0.0737 entry_expectation=0.2616 target_expectation=0.0535 approach_pressure=0.5568 pressure_release=0.0906 experience_regulation=0.3793 reflection_maturity=0.4777 signature_key=e:0.75|c:0.40|a:1|cp:0.75|ri:0.00|fp:0.20|fc:0.00|tl:0.00|td:0.00|ee:0.20|te:0.00|ap:0.60|pr:0.00|er:0.40|rm:0.40|lb:0.40|pw:1.00|pc:0.60|sr:0.00|nd:0.40|tm:0.50|th:0.50|mc:0.50|ms:12|at:1|ss:1 signature_bias=0.0000 signature_block=False signature_quality=0.0000 signature_distance=0.0000 context_cluster_id=- context_cluster_bias=0.0000 context_cluster_quality=0.0000 context_cluster_distance=0.0000 context_cluster_block=False inhibition_level=0.1773 habituation_level=0.0193 competition_bias=0.0375 observation_mode=False long_score=0.8604 short_score=-2.0060
MCM_ENTRY | side=LONG entry=133.854183 sl=133.524254 tp=135.325713 rr=4.4601 self_state=active attractor=cooperate memory_center=0.0790 memory_strength=49 focus_direction=0.4362 focus_strength=0.4413 focus_confidence=0.2193 target_lock=0.3281 noise_damp=0.0870 signal_relevance=0.2298 entry_expectation=0.3919 target_expectation=0.0836 approach_pressure=0.5413 pressure_release=0.3717 experience_regulation=0.3198 reflection_maturity=0.4760 signature_key=e:0.75|c:0.60|a:1|cp:0.75|ri:0.00|fp:0.20|fc:0.20|tl:0.20|td:-0.20|ee:0.40|te:0.00|ap:0.60|pr:0.40|er:0.40|rm:0.40|lb:0.40|pw:1.00|pc:0.60|sr:0.20|nd:0.00|tm:0.50|th:0.25|mc:0.00|ms:12|at:1|ss:1 signature_bias=0.0000 signature_block=False signature_quality=0.0000 signature_distance=0.1377 context_cluster_id=ctx_35 context_cluster_bias=0.0000 context_cluster_quality=0.0000 context_cluster_distance=0.1831 context_cluster_block=False inhibition_level=0.1448 habituation_level=0.0328 competition_bias=0.0832 observation_mode=False long_score=0.6569 short_score=-1.9285
MCM_ENTRY | side=LONG entry=129.277226 sl=128.958630 tp=130.618434 rr=4.2098 self_state=active attractor=cooperate memory_center=0.0264 memory_strength=29 focus_direction=0.3101 focus_strength=0.0966 focus_confidence=0.0013 target_lock=0.1059 noise_damp=0.3078 signal_relevance=0.0409 entry_expectation=0.3318 target_expectation=0.0808 approach_pressure=0.6156 pressure_release=0.0353 experience_regulation=0.3993 reflection_maturity=0.5259 signature_key=e:0.75|c:0.20|a:1|cp:0.75|ri:0.00|fp:0.20|fc:0.00|tl:0.00|td:-0.20|ee:0.40|te:0.00|ap:0.60|pr:0.00|er:0.40|rm:0.60|lb:0.40|pw:1.00|pc:0.80|sr:0.00|nd:0.40|tm:0.25|th:0.50|mc:0.00|ms:12|at:1|ss:1 signature_bias=0.0000 signature_block=False signature_quality=0.0000 signature_distance=0.1804 context_cluster_id=ctx_18 context_cluster_bias=-0.2400 context_cluster_quality=-0.4637 context_cluster_distance=0.2573 context_cluster_block=False inhibition_level=0.2208 habituation_level=0.0227 competition_bias=0.0462 observation_mode=False long_score=0.8886 short_score=-1.6340
MCM_ENTRY | side=SHORT entry=130.664149 sl=131.005282 tp=129.392330 rr=3.7282 self_state=stressed attractor=cooperate memory_center=-0.1178 memory_strength=31 focus_direction=-0.6433 focus_strength=0.0000 focus_confidence=0.0000 target_lock=0.0559 noise_damp=0.2940 signal_relevance=0.0562 entry_expectation=0.3376 target_expectation=0.0937 approach_pressure=0.6057 pressure_release=0.0126 experience_regulation=0.3987 reflection_maturity=0.5493 signature_key=e:1.00|c:-0.60|a:-1|cp:-1.00|ri:0.00|fp:-0.20|fc:0.00|tl:0.20|td:0.20|ee:0.40|te:0.00|ap:0.60|pr:0.00|er:0.40|rm:0.60|lb:0.40|pw:1.00|pc:0.60|sr:0.00|nd:0.20|tm:0.00|th:0.50|mc:0.00|ms:12|at:1|ss:-1 signature_bias=0.0000 signature_block=False signature_quality=0.0000 signature_distance=0.0935 context_cluster_id=ctx_2 context_cluster_bias=-0.1644 context_cluster_quality=-0.1644 context_cluster_distance=0.1245 context_cluster_block=False inhibition_level=0.2264 habituation_level=0.0207 competition_bias=-0.0991 observation_mode=False long_score=-2.5935 short_score=1.2747
MCM_ENTRY | side=SHORT entry=128.239155 sl=128.573967 tp=126.995986 rr=3.7130 self_state=stressed attractor=defense memory_center=-2.1688 memory_strength=33 focus_direction=-0.7454 focus_strength=0.0000 focus_confidence=0.0000 target_lock=0.0055 noise_damp=0.1652 signal_relevance=0.0601 entry_expectation=0.2688 target_expectation=0.0662 approach_pressure=0.4557 pressure_release=0.0200 experience_regulation=0.4258 reflection_maturity=0.5733 signature_key=e:1.00|c:-0.80|a:-1|cp:-0.75|ri:0.00|fp:-0.60|fc:0.00|tl:0.00|td:0.60|ee:0.20|te:0.00|ap:0.40|pr:0.00|er:0.40|rm:0.60|lb:0.60|pw:1.00|pc:0.60|sr:0.00|nd:0.20|tm:0.00|th:0.50|mc:-2.25|ms:12|at:-2|ss:-1 signature_bias=0.0000 signature_block=False signature_quality=0.0000 signature_distance=0.0562 context_cluster_id=ctx_9 context_cluster_bias=-0.2400 context_cluster_quality=-0.3935 context_cluster_distance=0.1123 context_cluster_block=False inhibition_level=0.2195 habituation_level=0.0140 competition_bias=-0.2043 observation_mode=False long_score=-2.9112 short_score=1.2320
MCM_ENTRY | side=LONG entry=119.143823 sl=118.664077 tp=120.353118 rr=2.5207 self_state=stressed attractor=defense memory_center=-0.7075 memory_strength=40 focus_direction=0.5799 focus_strength=0.4103 focus_confidence=0.1883 target_lock=0.3211 noise_damp=0.2252 signal_relevance=0.2178 entry_expectation=0.4158 target_expectation=0.1016 approach_pressure=0.7111 pressure_release=0.0899 experience_regulation=0.2325 reflection_maturity=0.3733 signature_key=e:1.00|c:0.60|a:1|cp:0.50|ri:0.00|fp:0.20|fc:0.20|tl:0.20|td:-0.20|ee:0.40|te:0.20|ap:0.80|pr:0.00|er:0.20|rm:0.40|lb:0.20|pw:1.00|pc:0.60|sr:0.20|nd:0.20|tm:0.50|th:0.25|mc:-0.75|ms:12|at:-2|ss:-1 signature_bias=0.0000 signature_block=False signature_quality=0.0000 signature_distance=0.1773 context_cluster_id=ctx_7 context_cluster_bias=-0.2400 context_cluster_quality=-0.4216 context_cluster_distance=0.2302 context_cluster_block=False inhibition_level=0.1776 habituation_level=0.0413 competition_bias=0.1104 observation_mode=False long_score=0.3629 short_score=-1.8734
MCM_ENTRY | side=LONG entry=126.454390 sl=126.119964 tp=127.897244 rr=4.3144 self_state=active attractor=analysis memory_center=-1.1768 memory_strength=19 focus_direction=0.5940 focus_strength=0.5369 focus_confidence=0.2697 target_lock=0.4262 noise_damp=0.1249 signal_relevance=0.2952 entry_expectation=0.5390 target_expectation=0.1380 approach_pressure=0.8452 pressure_release=0.1301 experience_regulation=0.3274 reflection_maturity=0.4704 signature_key=e:1.00|c:0.60|a:1|cp:0.75|ri:0.00|fp:0.40|fc:0.20|tl:0.40|td:-0.20|ee:0.60|te:0.20|ap:0.80|pr:0.20|er:0.40|rm:0.40|lb:0.40|pw:1.00|pc:0.60|sr:0.20|nd:0.20|tm:0.75|th:0.25|mc:-1.25|ms:12|at:-1|ss:1 signature_bias=0.0000 signature_block=False signature_quality=0.0000 signature_distance=0.2254 context_cluster_id=ctx_28 context_cluster_bias=0.0000 context_cluster_quality=0.0000 context_cluster_distance=0.2254 context_cluster_block=False inhibition_level=0.1606 habituation_level=0.0677 competition_bias=0.1517 observation_mode=False long_score=1.6289 short_score=-2.1423
MCM_ENTRY | side=SHORT entry=122.796447 sl=123.117076 tp=121.604635 rr=3.7171 self_state=stressed attractor=defense memory_center=-1.0997 memory_strength=41 focus_direction=-0.5613 focus_strength=0.0000 focus_confidence=0.0000 target_lock=0.0161 noise_damp=0.3424 signal_relevance=0.0280 entry_expectation=0.2675 target_expectation=0.0565 approach_pressure=0.5779 pressure_release=0.0143 experience_regulation=0.3386 reflection_maturity=0.4964 signature_key=e:0.75|c:-0.60|a:-1|cp:-1.00|ri:0.00|fp:-0.20|fc:0.00|tl:0.00|td:0.20|ee:0.20|te:0.00|ap:0.60|pr:0.00|er:0.40|rm:0.40|lb:0.40|pw:1.00|pc:0.60|sr:0.00|nd:0.40|tm:0.00|th:0.50|mc:-1.00|ms:12|at:-2|ss:-1 signature_bias=0.0000 signature_block=False signature_quality=0.0000 signature_distance=0.0862 context_cluster_id=ctx_26 context_cluster_bias=0.0000 context_cluster_quality=0.0000 context_cluster_distance=0.0838 context_cluster_block=False inhibition_level=0.2305 habituation_level=0.0140 competition_bias=-0.1207 observation_mode=False long_score=-2.8886 short_score=1.2736
MCM_ENTRY | side=LONG entry=114.292592 sl=114.010933 tp=115.461482 rr=4.1500 self_state=active attractor=cooperate memory_center=0.1241 memory_strength=29 focus_direction=0.1153 focus_strength=0.0719 focus_confidence=0.0137 target_lock=0.0740 noise_damp=0.1363 signal_relevance=0.0304 entry_expectation=0.2854 target_expectation=0.0519 approach_pressure=0.4524 pressure_release=0.2933 experience_regulation=0.4048 reflection_maturity=0.6970 signature_key=e:0.50|c:0.20|a:1|cp:0.25|ri:0.00|fp:0.00|fc:0.00|tl:0.00|td:0.00|ee:0.20|te:0.00|ap:0.40|pr:0.20|er:0.40|rm:0.60|lb:0.60|pw:1.00|pc:0.80|sr:0.00|nd:0.20|tm:0.25|th:0.25|mc:0.00|ms:12|at:1|ss:1 signature_bias=0.0000 signature_block=False signature_quality=0.0000 signature_distance=0.0915 context_cluster_id=ctx_18 context_cluster_bias=-0.2400 context_cluster_quality=-0.4563 context_cluster_distance=0.2137 context_cluster_block=False inhibition_level=0.1481 habituation_level=0.0313 competition_bias=0.0099 observation_mode=False long_score=0.3204 short_score=-1.0184
MCM_ENTRY | side=SHORT entry=115.616690 sl=116.003293 tp=114.487174 rr=2.9216 self_state=stressed attractor=cooperate memory_center=0.6108 memory_strength=25 focus_direction=-0.7235 focus_strength=0.0000 focus_confidence=0.0000 target_lock=0.0130 noise_damp=0.2122 signal_relevance=0.0561 entry_expectation=0.1855 target_expectation=0.0277 approach_pressure=0.4218 pressure_release=0.0384 experience_regulation=0.3849 reflection_maturity=0.5725 signature_key=e:1.00|c:-0.80|a:-1|cp:-1.00|ri:0.00|fp:-0.40|fc:0.00|tl:0.00|td:0.20|ee:0.20|te:0.00|ap:0.40|pr:0.00|er:0.40|rm:0.60|lb:0.40|pw:1.00|pc:0.60|sr:0.00|nd:0.20|tm:0.00|th:0.50|mc:0.50|ms:12|at:1|ss:-1 signature_bias=0.0000 signature_block=False signature_quality=0.0000 signature_distance=0.0792 context_cluster_id=ctx_44 context_cluster_bias=0.0000 context_cluster_quality=0.0000 context_cluster_distance=0.1735 context_cluster_block=False inhibition_level=0.1872 habituation_level=0.0142 competition_bias=-0.1498 observation_mode=False long_score=-2.4730 short_score=1.3619
MCM_ENTRY | side=LONG entry=103.083606 sl=102.831253 tp=104.246038 rr=4.6064 self_state=active attractor=cooperate memory_center=0.1993 memory_strength=39 focus_direction=0.6081 focus_strength=0.5960 focus_confidence=0.3067 target_lock=0.4192 noise_damp=0.1025 signal_relevance=0.3080 entry_expectation=0.3981 target_expectation=0.0931 approach_pressure=0.7020 pressure_release=0.0256 experience_regulation=0.2556 reflection_maturity=0.3550 signature_key=e:1.00|c:0.80|a:1|cp:0.75|ri:0.00|fp:0.20|fc:0.20|tl:0.20|td:-0.20|ee:0.40|te:0.00|ap:0.80|pr:0.00|er:0.20|rm:0.40|lb:0.20|pw:1.00|pc:0.60|sr:0.40|nd:0.20|tm:0.75|th:0.25|mc:0.25|ms:12|at:1|ss:1 signature_bias=0.0000 signature_block=False signature_quality=0.0000 signature_distance=0.0788 context_cluster_id=ctx_42 context_cluster_bias=-0.2400 context_cluster_quality=-0.4368 context_cluster_distance=0.1482 context_cluster_block=False inhibition_level=0.1422 habituation_level=0.0220 competition_bias=0.0983 observation_mode=False long_score=1.1259 short_score=-2.0295
MCM_ENTRY | side=LONG entry=92.110300 sl=91.799549 tp=93.068140 rr=3.0823 self_state=stressed attractor=cooperate memory_center=0.1193 memory_strength=52 focus_direction=0.6464 focus_strength=0.5592 focus_confidence=0.2784 target_lock=0.4219 noise_damp=0.1291 signal_relevance=0.3011 entry_expectation=0.4356 target_expectation=0.0959 approach_pressure=0.6473 pressure_release=0.0352 experience_regulation=0.2445 reflection_maturity=0.4066 signature_key=e:1.00|c:0.80|a:1|cp:0.75|ri:0.00|fp:0.40|fc:0.20|tl:0.40|td:-0.20|ee:0.40|te:0.00|ap:0.60|pr:0.00|er:0.20|rm:0.40|lb:0.20|pw:1.00|pc:0.60|sr:0.40|nd:0.20|tm:0.75|th:0.25|mc:0.00|ms:12|at:1|ss:-1 signature_bias=0.0000 signature_block=False signature_quality=0.0000 signature_distance=0.2742 context_cluster_id=- context_cluster_bias=0.0000 context_cluster_quality=0.0000 context_cluster_distance=0.0000 context_cluster_block=False inhibition_level=0.1972 habituation_level=0.0456 competition_bias=0.1531 observation_mode=False long_score=0.7118 short_score=-2.2981
MCM_ENTRY | side=LONG entry=79.411118 sl=78.735771 tp=80.801507 rr=2.0588 self_state=stressed attractor=cooperate memory_center=0.4332 memory_strength=35 focus_direction=0.8351 focus_strength=0.7412 focus_confidence=0.3829 target_lock=0.5332 noise_damp=0.1278 signal_relevance=0.3959 entry_expectation=0.5641 target_expectation=0.1520 approach_pressure=0.8291 pressure_release=0.2075 experience_regulation=0.3755 reflection_maturity=0.5082 signature_key=e:1.25|c:0.80|a:1|cp:0.75|ri:0.20|fp:0.40|fc:0.20|tl:0.40|td:-0.20|ee:0.60|te:0.20|ap:0.80|pr:0.20|er:0.40|rm:0.60|lb:0.40|pw:1.00|pc:0.60|sr:0.40|nd:0.20|tm:1.00|th:0.25|mc:0.50|ms:12|at:1|ss:-1 signature_bias=0.0000 signature_block=False signature_quality=0.0000 signature_distance=0.2031 context_cluster_id=ctx_47 context_cluster_bias=-0.2400 context_cluster_quality=-0.4644 context_cluster_distance=0.2473 context_cluster_block=False inhibition_level=0.1812 habituation_level=0.0517 competition_bias=0.1880 observation_mode=False long_score=1.5036 short_score=-2.7756
MCM_ENTRY | side=LONG entry=84.313334 sl=83.842937 tp=85.268452 rr=2.0305 self_state=stressed attractor=cooperate memory_center=0.7539 memory_strength=30 focus_direction=0.7555 focus_strength=0.6860 focus_confidence=0.3464 target_lock=0.4936 noise_damp=0.1369 signal_relevance=0.3603 entry_expectation=0.4771 target_expectation=0.1139 approach_pressure=0.5928 pressure_release=0.3736 experience_regulation=0.4573 reflection_maturity=0.7122 signature_key=e:1.25|c:0.80|a:1|cp:1.00|ri:0.20|fp:0.40|fc:0.20|tl:0.40|td:-0.20|ee:0.40|te:0.20|ap:0.60|pr:0.40|er:0.40|rm:0.80|lb:0.60|pw:1.00|pc:0.80|sr:0.40|nd:0.20|tm:0.75|th:0.25|mc:0.75|ms:12|at:1|ss:-1 signature_bias=0.0000 signature_block=False signature_quality=0.0000 signature_distance=0.1288 context_cluster_id=ctx_11 context_cluster_bias=-0.2400 context_cluster_quality=-0.3002 context_cluster_distance=0.1939 context_cluster_block=False inhibition_level=0.1392 habituation_level=0.0437 competition_bias=0.1544 observation_mode=False long_score=1.5056 short_score=-2.6447
MCM_ENTRY | side=SHORT entry=85.354253 sl=85.577016 tp=84.520685 rr=3.7419 self_state=stressed attractor=defense memory_center=-0.5790 memory_strength=45 focus_direction=-0.6965 focus_strength=0.0000 focus_confidence=0.0000 target_lock=0.0224 noise_damp=0.2088 signal_relevance=0.0573 entry_expectation=0.2592 target_expectation=0.0516 approach_pressure=0.4161 pressure_release=0.1858 experience_regulation=0.4739 reflection_maturity=0.7477 signature_key=e:1.00|c:-0.80|a:-1|cp:-1.00|ri:0.00|fp:-0.40|fc:0.00|tl:0.00|td:0.40|ee:0.20|te:0.00|ap:0.40|pr:0.20|er:0.40|rm:0.80|lb:0.60|pw:1.00|pc:0.60|sr:0.00|nd:0.20|tm:0.00|th:0.50|mc:-0.50|ms:12|at:-2|ss:-1 signature_bias=0.0000 signature_block=False signature_quality=0.0000 signature_distance=0.1992 context_cluster_id=ctx_32 context_cluster_bias=0.0000 context_cluster_quality=0.0000 context_cluster_distance=0.2077 context_cluster_block=False inhibition_level=0.2059 habituation_level=0.0342 competition_bias=-0.1765 observation_mode=False long_score=-3.0327 short_score=1.3722
MCM_ENTRY | side=LONG entry=88.392816 sl=88.174925 tp=89.324130 rr=4.2742 self_state=active attractor=analysis memory_center=-0.6815 memory_strength=25 focus_direction=0.4019 focus_strength=0.2245 focus_confidence=0.0696 target_lock=0.1791 noise_damp=0.2649 signal_relevance=0.1040 entry_expectation=0.3062 target_expectation=0.0566 approach_pressure=0.5637 pressure_release=0.1182 experience_regulation=0.4325 reflection_maturity=0.5803 signature_key=e:0.75|c:0.40|a:1|cp:0.75|ri:0.00|fp:0.20|fc:0.00|tl:0.20|td:-0.20|ee:0.40|te:0.00|ap:0.60|pr:0.20|er:0.40|rm:0.60|lb:0.40|pw:1.00|pc:0.80|sr:0.20|nd:0.20|tm:0.50|th:0.25|mc:-0.75|ms:12|at:-1|ss:1 signature_bias=0.0000 signature_block=False signature_quality=0.0000 signature_distance=0.1535 context_cluster_id=ctx_36 context_cluster_bias=-0.2400 context_cluster_quality=-0.2736 context_cluster_distance=0.2019 context_cluster_block=False inhibition_level=0.2015 habituation_level=0.0235 competition_bias=0.0701 observation_mode=False long_score=0.5833 short_score=-1.7475
MCM_ENTRY | side=LONG entry=87.707519 sl=87.207878 tp=88.580614 rr=1.7474 self_state=stressed attractor=explore memory_center=2.1783 memory_strength=40 focus_direction=0.3182 focus_strength=0.1210 focus_confidence=0.0833 target_lock=0.1831 noise_damp=0.1924 signal_relevance=0.1088 entry_expectation=0.4841 target_expectation=0.1274 approach_pressure=0.6941 pressure_release=0.0568 experience_regulation=0.3670 reflection_maturity=0.5162 signature_key=e:0.75|c:0.20|a:1|cp:0.50|ri:0.00|fp:0.40|fc:0.20|tl:0.20|td:-0.40|ee:0.40|te:0.20|ap:0.60|pr:0.00|er:0.40|rm:0.60|lb:0.40|pw:1.00|pc:0.60|sr:0.20|nd:0.20|tm:0.25|th:0.25|mc:2.25|ms:12|at:2|ss:-1 signature_bias=0.0000 signature_block=False signature_quality=0.0000 signature_distance=0.1677 context_cluster_id=ctx_40 context_cluster_bias=0.0000 context_cluster_quality=0.0000 context_cluster_distance=0.1677 context_cluster_block=False inhibition_level=0.2296 habituation_level=0.0535 competition_bias=0.1582 observation_mode=False long_score=0.6754 short_score=-2.0490
MCM_ENTRY | side=LONG entry=83.243999 sl=82.833572 tp=84.135242 rr=2.1715 self_state=stressed attractor=cooperate memory_center=1.1289 memory_strength=21 focus_direction=0.7884 focus_strength=0.6448 focus_confidence=0.3197 target_lock=0.4702 noise_damp=0.1545 signal_relevance=0.3444 entry_expectation=0.4524 target_expectation=0.1068 approach_pressure=0.5419 pressure_release=0.0568 experience_regulation=0.3849 reflection_maturity=0.4659 signature_key=e:1.25|c:0.80|a:1|cp:0.75|ri:0.20|fp:0.60|fc:0.20|tl:0.40|td:-0.40|ee:0.40|te:0.20|ap:0.60|pr:0.00|er:0.40|rm:0.40|lb:0.40|pw:1.00|pc:0.60|sr:0.40|nd:0.20|tm:0.75|th:0.25|mc:1.25|ms:12|at:1|ss:-1 signature_bias=0.0000 signature_block=False signature_quality=0.0000 signature_distance=0.1062 context_cluster_id=ctx_50 context_cluster_bias=-0.2400 context_cluster_quality=-0.3919 context_cluster_distance=0.0576 context_cluster_block=False inhibition_level=0.1931 habituation_level=0.0398 competition_bias=0.1956 observation_mode=False long_score=1.1301 short_score=-2.3789
MCM_ENTRY | side=LONG entry=79.619576 sl=79.256327 tp=80.490723 rr=2.3982 self_state=stressed attractor=explore memory_center=2.1713 memory_strength=33 focus_direction=0.8715 focus_strength=0.7566 focus_confidence=0.3918 target_lock=0.5625 noise_damp=0.1308 signal_relevance=0.4132 entry_expectation=0.5071 target_expectation=0.1118 approach_pressure=0.4604 pressure_release=0.4449 experience_regulation=0.4336 reflection_maturity=0.6279 signature_key=e:1.25|c:1.00|a:1|cp:1.00|ri:0.20|fp:0.60|fc:0.20|tl:0.40|td:-0.40|ee:0.60|te:0.20|ap:0.40|pr:0.40|er:0.40|rm:0.60|lb:0.40|pw:1.00|pc:0.60|sr:0.40|nd:0.20|tm:1.00|th:0.25|mc:2.25|ms:12|at:2|ss:-1 signature_bias=0.0000 signature_block=False signature_quality=0.0000 signature_distance=0.1408 context_cluster_id=ctx_11 context_cluster_bias=-0.2400 context_cluster_quality=-0.3410 context_cluster_distance=0.2103 context_cluster_block=False inhibition_level=0.1878 habituation_level=0.0631 competition_bias=0.2275 observation_mode=False long_score=1.2500 short_score=-2.8947
MCM_ENTRY | side=LONG entry=78.753004 sl=78.424274 tp=79.584592 rr=2.5297 self_state=stressed attractor=cooperate memory_center=0.8370 memory_strength=35 focus_direction=0.7297 focus_strength=0.6047 focus_confidence=0.2930 target_lock=0.4212 noise_damp=0.2114 signal_relevance=0.3056 entry_expectation=0.4089 target_expectation=0.1026 approach_pressure=0.7028 pressure_release=0.0372 experience_regulation=0.3896 reflection_maturity=0.5148 signature_key=e:1.25|c:0.80|a:1|cp:1.00|ri:0.00|fp:0.20|fc:0.20|tl:0.20|td:0.00|ee:0.40|te:0.20|ap:0.80|pr:0.00|er:0.40|rm:0.60|lb:0.40|pw:1.00|pc:0.60|sr:0.40|nd:0.20|tm:0.75|th:0.25|mc:0.75|ms:12|at:1|ss:-1 signature_bias=0.0000 signature_block=False signature_quality=0.0000 signature_distance=0.0977 context_cluster_id=ctx_47 context_cluster_bias=-0.2400 context_cluster_quality=-0.3680 context_cluster_distance=0.1360 context_cluster_block=False inhibition_level=0.1916 habituation_level=0.0348 competition_bias=0.0742 observation_mode=False long_score=0.9143 short_score=-2.2477
MCM_ENTRY | side=LONG entry=86.393481 sl=86.119041 tp=87.298705 rr=3.2984 self_state=active attractor=cooperate memory_center=-0.2932 memory_strength=32 focus_direction=0.4331 focus_strength=0.2230 focus_confidence=0.0939 target_lock=0.2106 noise_damp=0.2690 signal_relevance=0.1265 entry_expectation=0.3540 target_expectation=0.0839 approach_pressure=0.6780 pressure_release=0.0220 experience_regulation=0.1419 reflection_maturity=0.1791 signature_key=e:0.75|c:0.40|a:1|cp:0.25|ri:0.00|fp:0.20|fc:0.00|tl:0.20|td:-0.20|ee:0.40|te:0.00|ap:0.60|pr:0.00|er:0.20|rm:0.20|lb:0.20|pw:0.80|pc:0.40|sr:0.20|nd:0.20|tm:0.50|th:0.50|mc:-0.25|ms:12|at:1|ss:1 signature_bias=0.0000 signature_block=False signature_quality=0.0000 signature_distance=0.1954 context_cluster_id=- context_cluster_bias=0.0000 context_cluster_quality=0.0000 context_cluster_distance=0.0000 context_cluster_block=False inhibition_level=0.1928 habituation_level=0.0304 competition_bias=0.1073 observation_mode=False long_score=0.5303 short_score=-1.3305
MCM_ENTRY | side=SHORT entry=84.387136 sl=84.594999 tp=83.523533 rr=4.1547 self_state=active attractor=analysis memory_center=-1.1080 memory_strength=30 focus_direction=-0.4934 focus_strength=0.0000 focus_confidence=0.0000 target_lock=0.0033 noise_damp=0.0683 signal_relevance=0.0438 entry_expectation=0.2740 target_expectation=0.0653 approach_pressure=0.6119 pressure_release=0.0198 experience_regulation=0.1100 reflection_maturity=0.1441 signature_key=e:0.75|c:-0.60|a:-1|cp:-0.50|ri:0.00|fp:-0.40|fc:0.00|tl:0.00|td:0.40|ee:0.20|te:0.00|ap:0.60|pr:0.00|er:0.20|rm:0.20|lb:0.20|pw:0.80|pc:0.40|sr:0.00|nd:0.00|tm:0.00|th:0.25|mc:-1.00|ms:12|at:-1|ss:1 signature_bias=0.0000 signature_block=False signature_quality=0.0000 signature_distance=0.1815 context_cluster_id=- context_cluster_bias=0.0000 context_cluster_quality=0.0000 context_cluster_distance=0.0000 context_cluster_block=False inhibition_level=0.1716 habituation_level=0.0083 competition_bias=-0.1247 observation_mode=False long_score=-2.1206 short_score=1.1007
MCM_ENTRY | side=LONG entry=78.561239 sl=78.367569 tp=79.399699 rr=4.3293 self_state=active attractor=neutral memory_center=1.3474 memory_strength=37 focus_direction=0.3315 focus_strength=0.2314 focus_confidence=0.1043 target_lock=0.2454 noise_damp=0.1861 signal_relevance=0.1411 entry_expectation=0.4605 target_expectation=0.1220 approach_pressure=0.7233 pressure_release=0.0341 experience_regulation=0.2879 reflection_maturity=0.4035 signature_key=e:0.75|c:0.40|a:1|cp:0.50|ri:0.00|fp:0.20|fc:0.20|tl:0.20|td:-0.20|ee:0.40|te:0.20|ap:0.80|pr:0.00|er:0.20|rm:0.40|lb:0.40|pw:1.00|pc:0.60|sr:0.20|nd:0.20|tm:0.25|th:0.25|mc:1.25|ms:12|at:0|ss:1 signature_bias=0.0000 signature_block=False signature_quality=0.0000 signature_distance=0.1704 context_cluster_id=ctx_25 context_cluster_bias=-0.2400 context_cluster_quality=-0.3775 context_cluster_distance=0.1881 context_cluster_block=False inhibition_level=0.1682 habituation_level=0.0528 competition_bias=0.1063 observation_mode=False long_score=0.7994 short_score=-1.9994
MCM_ENTRY | side=SHORT entry=87.332006 sl=87.557682 tp=86.499946 rr=3.6870 self_state=stressed attractor=defense memory_center=-2.1919 memory_strength=31 focus_direction=-0.2692 focus_strength=0.0000 focus_confidence=0.0030 target_lock=0.0928 noise_damp=0.0813 signal_relevance=0.0550 entry_expectation=0.4286 target_expectation=0.1011 approach_pressure=0.7464 pressure_release=0.0000 experience_regulation=0.2359 reflection_maturity=0.3400 signature_key=e:0.50|c:-0.20|a:-1|cp:-0.25|ri:0.00|fp:0.00|fc:0.20|tl:0.20|td:0.00|ee:0.40|te:0.20|ap:0.80|pr:0.00|er:0.20|rm:0.40|lb:0.20|pw:1.00|pc:0.60|sr:0.00|nd:0.00|tm:0.00|th:0.25|mc:-2.25|ms:12|at:-2|ss:-1 signature_bias=0.0000 signature_block=False signature_quality=0.0000 signature_distance=0.2800 context_cluster_id=- context_cluster_bias=0.0000 context_cluster_quality=0.0000 context_cluster_distance=0.0000 context_cluster_block=False inhibition_level=0.1654 habituation_level=0.0306 competition_bias=0.0130 observation_mode=False long_score=-1.3784 short_score=0.3269
