EXIT SL | time=N/A side=SHORT entry=133.9500 tp=132.6151 sl=134.3277 risk=0.3777 mfe=0.7500 mae=0.4900 energy=1.1138 coherence=-0.8933 asymmetry=-1 coh_zone=-2.0000 focus_point=-0.3160 focus_confidence=0.0000 target_lock=0.1373 target_drift=0.2846 signature_key=e:1.00|c:-0.80|a:-1|cp:-0.75|ri:0.00|fp:-0.40|fc:0.00|tl:0.20|td:0.20|ee:0.40|te:0.20|ap:0.60|pr:0.00|er:0.40|rm:0.80|lb:0.60|pw:1.00|pc:0.80|sr:0.00|nd:0.20|tm:0.00|th:0.50|mc:-2.75|ms:12|at:-2|ss:1 signature_bias=0.0000 signature_block=False signature_quality=0.0000 signature_distance=0.0558 context_cluster_id=ctx_6 context_cluster_bias=-0.2241 context_cluster_quality=-0.2241 context_cluster_distance=0.0889 context_cluster_block=False inhibition_level=0.2183 habituation_level=0.0265 competition_bias=-0.1126 observation_mode=False long_score=-2.9731 short_score=1.1691 felt_bearing_score=0.0000 felt_profile_label=mixed_unclear pnl=-0.3777
EXIT TP | time=N/A side=SHORT entry=135.1614 tp=133.7427 sl=135.4796 risk=0.3181 mfe=1.9014 mae=0.2386 energy=0.8578 coherence=-0.4171 asymmetry=-1 coh_zone=-1.0000 focus_point=-0.4266 focus_confidence=0.0000 target_lock=0.0007 target_drift=0.4207 signature_key=e:0.75|c:-0.40|a:-1|cp:-1.00|ri:0.00|fp:-0.40|fc:0.00|tl:0.00|td:0.40|ee:0.20|te:0.00|ap:0.40|pr:0.00|er:0.60|rm:0.80|lb:0.60|pw:1.00|pc:0.80|sr:0.00|nd:0.40|tm:0.00|th:0.50|mc:-2.75|ms:12|at:-2|ss:1 signature_bias=0.0000 signature_block=False signature_quality=0.0000 signature_distance=0.1081 context_cluster_id=ctx_16 context_cluster_bias=-0.0316 context_cluster_quality=-0.0316 context_cluster_distance=0.0894 context_cluster_block=False inhibition_level=0.2353 habituation_level=0.0043 competition_bias=-0.1576 observation_mode=False long_score=-2.9343 short_score=1.4212 felt_bearing_score=0.0000 felt_profile_label=mixed_unclear pnl=1.4187
EXIT SL | time=N/A side=LONG entry=141.6700 tp=144.9064 sl=140.0161 risk=1.6539 mfe=1.5500 mae=2.3100 energy=1.2207 coherence=0.8122 asymmetry=1 coh_zone=2.0000 focus_point=0.5902 focus_confidence=0.3475 target_lock=0.5164 target_drift=-0.3348 signature_key=e:1.25|c:0.80|a:1|cp:0.75|ri:0.20|fp:0.60|fc:0.40|tl:0.60|td:-0.40|ee:0.40|te:0.00|ap:0.80|pr:0.60|er:0.60|rm:0.80|lb:0.60|pw:1.00|pc:0.40|sr:0.40|nd:0.20|tm:0.75|th:0.50|mc:2.75|ms:12|at:2|ss:1 signature_bias=0.0000 signature_block=False signature_quality=0.0000 signature_distance=0.1446 context_cluster_id=ctx_7 context_cluster_bias=-0.1859 context_cluster_quality=-0.1859 context_cluster_distance=0.1955 context_cluster_block=False inhibition_level=0.2234 habituation_level=0.0694 competition_bias=0.2252 observation_mode=False long_score=1.6894 short_score=-2.6701 felt_bearing_score=0.0000 felt_profile_label=mixed_unclear pnl=-1.6539
EXIT TP | time=N/A side=LONG entry=136.1100 tp=137.5026 sl=135.6471 risk=0.4629 mfe=1.6300 mae=0.3400 energy=0.9237 coherence=0.6659 asymmetry=1 coh_zone=2.0000 focus_point=0.4856 focus_confidence=0.2293 target_lock=0.3758 target_drift=-0.4591 signature_key=e:1.00|c:0.60|a:1|cp:1.00|ri:0.00|fp:0.40|fc:0.20|tl:0.40|td:-0.40|ee:0.60|te:0.20|ap:0.60|pr:0.20|er:0.40|rm:0.60|lb:0.60|pw:1.00|pc:0.80|sr:0.20|nd:0.20|tm:0.75|th:0.25|mc:1.00|ms:12|at:1|ss:1 signature_bias=0.0000 signature_block=False signature_quality=0.0000 signature_distance=0.1392 context_cluster_id=ctx_69 context_cluster_bias=-0.2400 context_cluster_quality=-0.2470 context_cluster_distance=0.1454 context_cluster_block=False inhibition_level=0.1703 habituation_level=0.0721 competition_bias=0.1988 observation_mode=False long_score=1.3759 short_score=-2.7753 felt_bearing_score=0.0000 felt_profile_label=mixed_unclear pnl=1.3926
EXIT TP | time=N/A side=SHORT entry=139.6800 tp=138.3472 sl=140.1416 risk=0.4616 mfe=1.4500 mae=0.0000 energy=1.1927 coherence=-0.9788 asymmetry=-1 coh_zone=-2.0000 focus_point=-0.3436 focus_confidence=0.0000 target_lock=0.1082 target_drift=0.2950 signature_key=e:1.25|c:-1.00|a:-1|cp:-1.00|ri:0.00|fp:-0.40|fc:0.00|tl:0.20|td:0.20|ee:0.40|te:0.00|ap:0.60|pr:0.00|er:0.40|rm:0.60|lb:0.60|pw:1.00|pc:0.60|sr:0.00|nd:0.20|tm:0.00|th:0.50|mc:-1.75|ms:12|at:-2|ss:1 signature_bias=0.0000 signature_block=False signature_quality=0.0000 signature_distance=0.1315 context_cluster_id=ctx_2 context_cluster_bias=-0.0650 context_cluster_quality=-0.0650 context_cluster_distance=0.0762 context_cluster_block=False inhibition_level=0.2307 habituation_level=0.0399 competition_bias=-0.1408 observation_mode=False long_score=-3.1991 short_score=1.4509 felt_bearing_score=0.0000 felt_profile_label=mixed_unclear pnl=1.3328
EXIT TP | time=N/A side=LONG entry=140.8600 tp=142.1458 sl=139.9149 risk=0.9451 mfe=1.9000 mae=0.1300 energy=1.2250 coherence=0.9051 asymmetry=1 coh_zone=2.0000 focus_point=0.5053 focus_confidence=0.3756 target_lock=0.3837 target_drift=-0.3943 signature_key=e:1.25|c:1.00|a:1|cp:1.00|ri:0.20|fp:0.60|fc:0.20|tl:0.40|td:-0.40|ee:0.60|te:0.20|ap:0.80|pr:0.00|er:0.60|rm:0.80|lb:0.60|pw:1.00|pc:0.80|sr:0.40|nd:0.20|tm:1.00|th:0.25|mc:1.50|ms:12|at:0|ss:1 signature_bias=0.0000 signature_block=False signature_quality=0.0000 signature_distance=0.0673 context_cluster_id=ctx_3 context_cluster_bias=-0.2400 context_cluster_quality=-0.3029 context_cluster_distance=0.1607 context_cluster_block=False inhibition_level=0.1785 habituation_level=0.0520 competition_bias=0.2083 observation_mode=False long_score=1.7298 short_score=-2.8180 felt_bearing_score=0.0000 felt_profile_label=mixed_unclear pnl=1.2858
EXIT TP | time=N/A side=LONG entry=138.8378 tp=140.4485 sl=138.5201 risk=0.3177 mfe=1.6722 mae=0.0278 energy=0.9464 coherence=0.7289 asymmetry=1 coh_zone=2.0000 focus_point=0.4592 focus_confidence=0.2846 target_lock=0.4164 target_drift=-0.4419 signature_key=e:1.00|c:0.80|a:1|cp:1.00|ri:0.00|fp:0.40|fc:0.20|tl:0.40|td:-0.40|ee:0.60|te:0.20|ap:0.60|pr:0.00|er:0.60|rm:1.00|lb:0.80|pw:1.00|pc:0.80|sr:0.40|nd:0.20|tm:0.75|th:0.25|mc:1.25|ms:12|at:0|ss:1 signature_bias=0.0000 signature_block=False signature_quality=0.0000 signature_distance=0.1435 context_cluster_id=ctx_13 context_cluster_bias=-0.0866 context_cluster_quality=-0.0866 context_cluster_distance=0.1685 context_cluster_block=False inhibition_level=0.1627 habituation_level=0.0885 competition_bias=0.1979 observation_mode=False long_score=1.6726 short_score=-2.5803 felt_bearing_score=0.0000 felt_profile_label=mixed_unclear pnl=1.6106
EXIT SL | time=N/A side=SHORT entry=144.1400 tp=142.7441 sl=144.6643 risk=0.5243 mfe=0.7700 mae=0.5900 energy=1.0984 coherence=-0.8068 asymmetry=-1 coh_zone=-2.0000 focus_point=-0.4975 focus_confidence=0.0000 target_lock=0.0306 target_drift=0.4337 signature_key=e:1.00|c:-0.80|a:-1|cp:-0.75|ri:0.00|fp:-0.40|fc:0.00|tl:0.00|td:0.40|ee:0.20|te:0.00|ap:0.60|pr:0.00|er:0.40|rm:0.60|lb:0.60|pw:1.00|pc:0.80|sr:0.00|nd:0.20|tm:0.00|th:0.50|mc:-2.75|ms:12|at:-2|ss:1 signature_bias=0.0000 signature_block=False signature_quality=0.0000 signature_distance=0.1192 context_cluster_id=ctx_2 context_cluster_bias=-0.0003 context_cluster_quality=-0.0003 context_cluster_distance=0.1388 context_cluster_block=False inhibition_level=0.2517 habituation_level=0.0191 competition_bias=-0.1947 observation_mode=False long_score=-2.7341 short_score=1.3261 felt_bearing_score=0.0000 felt_profile_label=mixed_unclear pnl=-0.5243
EXIT SL | time=N/A side=LONG entry=144.6735 tp=146.3444 sl=144.3416 risk=0.3319 mfe=0.0000 mae=0.4435 energy=1.0845 coherence=0.8400 asymmetry=1 coh_zone=2.0000 focus_point=0.3143 focus_confidence=0.2988 target_lock=0.3446 target_drift=-0.2770 signature_key=e:1.00|c:0.80|a:1|cp:0.75|ri:0.00|fp:0.40|fc:0.20|tl:0.40|td:-0.20|ee:0.40|te:0.20|ap:0.80|pr:0.00|er:0.60|rm:0.80|lb:0.60|pw:1.00|pc:0.80|sr:0.40|nd:0.20|tm:0.75|th:0.25|mc:1.50|ms:12|at:0|ss:1 signature_bias=0.0000 signature_block=False signature_quality=0.0000 signature_distance=0.0488 context_cluster_id=ctx_79 context_cluster_bias=-0.0619 context_cluster_quality=-0.0619 context_cluster_distance=0.0844 context_cluster_block=False inhibition_level=0.1656 habituation_level=0.0565 competition_bias=0.1454 observation_mode=False long_score=1.2874 short_score=-2.7218 felt_bearing_score=0.0000 felt_profile_label=mixed_unclear pnl=-0.3319
EXIT TP | time=N/A side=SHORT entry=144.4900 tp=143.0325 sl=144.9000 risk=0.4100 mfe=1.4600 mae=0.3300 energy=1.0460 coherence=-0.8031 asymmetry=-1 coh_zone=-2.0000 focus_point=-0.5964 focus_confidence=0.0000 target_lock=0.0021 target_drift=0.5645 signature_key=e:1.00|c:-0.80|a:-1|cp:-0.75|ri:0.00|fp:-0.60|fc:0.00|tl:0.00|td:0.60|ee:0.20|te:0.00|ap:0.40|pr:0.00|er:0.60|rm:0.80|lb:0.60|pw:1.00|pc:0.80|sr:0.00|nd:0.20|tm:0.00|th:0.50|mc:-2.75|ms:12|at:-2|ss:1 signature_bias=0.0000 signature_block=False signature_quality=0.0000 signature_distance=0.0696 context_cluster_id=ctx_94 context_cluster_bias=0.1280 context_cluster_quality=0.1280 context_cluster_distance=0.1126 context_cluster_block=False inhibition_level=0.2654 habituation_level=0.0081 competition_bias=-0.2158 observation_mode=False long_score=-2.9889 short_score=1.2999 felt_bearing_score=0.0000 felt_profile_label=mixed_unclear pnl=1.4575
EXIT SL | time=N/A side=LONG entry=134.1400 tp=135.6362 sl=133.7734 risk=0.3666 mfe=0.4500 mae=0.4200 energy=0.9793 coherence=0.7452 asymmetry=1 coh_zone=2.0000 focus_point=0.5113 focus_confidence=0.2863 target_lock=0.3462 target_drift=-0.4829 signature_key=e:1.00|c:0.80|a:1|cp:0.75|ri:0.00|fp:0.60|fc:0.20|tl:0.40|td:-0.40|ee:0.60|te:0.20|ap:0.60|pr:0.00|er:0.40|rm:0.80|lb:0.60|pw:1.00|pc:0.80|sr:0.40|nd:0.20|tm:0.75|th:0.25|mc:0.50|ms:12|at:1|ss:1 signature_bias=0.0000 signature_block=False signature_quality=0.0000 signature_distance=0.0677 context_cluster_id=ctx_13 context_cluster_bias=0.0336 context_cluster_quality=0.0336 context_cluster_distance=0.1229 context_cluster_block=False inhibition_level=0.1816 habituation_level=0.0468 competition_bias=0.1956 observation_mode=False long_score=1.7724 short_score=-2.4220 felt_bearing_score=0.0000 felt_profile_label=mixed_unclear pnl=-0.3666
EXIT SL | time=N/A side=LONG entry=127.4700 tp=128.9002 sl=127.1318 risk=0.3382 mfe=0.7200 mae=0.6700 energy=1.1511 coherence=0.9333 asymmetry=1 coh_zone=2.0000 focus_point=0.2959 focus_confidence=0.3785 target_lock=0.3189 target_drift=-0.2519 signature_key=e:1.25|c:1.00|a:1|cp:1.00|ri:0.00|fp:0.20|fc:0.20|tl:0.40|td:-0.20|ee:0.40|te:0.00|ap:0.60|pr:0.00|er:0.60|rm:1.00|lb:0.80|pw:1.00|pc:0.80|sr:0.40|nd:0.00|tm:1.00|th:0.25|mc:-1.50|ms:12|at:-1|ss:1 signature_bias=0.0000 signature_block=False signature_quality=0.0000 signature_distance=0.0592 context_cluster_id=ctx_1 context_cluster_bias=-0.2115 context_cluster_quality=-0.2115 context_cluster_distance=0.1077 context_cluster_block=False inhibition_level=0.1654 habituation_level=0.0228 competition_bias=0.1448 observation_mode=False long_score=1.2280 short_score=-1.8937 felt_bearing_score=0.0000 felt_profile_label=mixed_unclear pnl=-0.3382
EXIT SL | time=N/A side=LONG entry=128.6500 tp=130.0093 sl=128.2094 risk=0.4406 mfe=1.1100 mae=0.5300 energy=1.1620 coherence=0.9181 asymmetry=1 coh_zone=2.0000 focus_point=0.4319 focus_confidence=0.3634 target_lock=0.3739 target_drift=-0.3726 signature_key=e:1.25|c:1.00|a:1|cp:1.00|ri:0.00|fp:0.40|fc:0.20|tl:0.40|td:-0.40|ee:0.40|te:0.20|ap:0.60|pr:0.00|er:0.40|rm:0.80|lb:0.60|pw:1.00|pc:0.80|sr:0.40|nd:0.20|tm:1.00|th:0.25|mc:-2.75|ms:12|at:-2|ss:1 signature_bias=0.0000 signature_block=False signature_quality=0.0000 signature_distance=0.1088 context_cluster_id=ctx_36 context_cluster_bias=-0.1893 context_cluster_quality=-0.1893 context_cluster_distance=0.1278 context_cluster_block=False inhibition_level=0.1967 habituation_level=0.0416 competition_bias=0.1751 observation_mode=False long_score=1.3465 short_score=-2.4223 felt_bearing_score=0.0000 felt_profile_label=mixed_unclear pnl=-0.4406
EXIT SL | time=N/A side=LONG entry=127.5491 tp=129.0452 sl=127.2642 risk=0.2848 mfe=0.5709 mae=0.4091 energy=1.1410 coherence=0.9550 asymmetry=1 coh_zone=2.0000 focus_point=0.2297 focus_confidence=0.3659 target_lock=0.3321 target_drift=-0.2046 signature_key=e:1.25|c:1.00|a:1|cp:1.00|ri:0.00|fp:0.20|fc:0.20|tl:0.40|td:-0.20|ee:0.40|te:0.20|ap:0.60|pr:0.20|er:0.60|rm:0.80|lb:0.60|pw:1.00|pc:0.80|sr:0.40|nd:0.20|tm:1.00|th:0.25|mc:0.00|ms:12|at:1|ss:1 signature_bias=0.0000 signature_block=False signature_quality=0.0000 signature_distance=0.0388 context_cluster_id=ctx_3 context_cluster_bias=-0.1212 context_cluster_quality=-0.1212 context_cluster_distance=0.1151 context_cluster_block=False inhibition_level=0.1505 habituation_level=0.0337 competition_bias=0.1238 observation_mode=False long_score=1.5121 short_score=-2.1258 felt_bearing_score=0.0000 felt_profile_label=mixed_unclear pnl=-0.2848
EXIT SL | time=N/A side=SHORT entry=121.5000 tp=120.2225 sl=121.7830 risk=0.2830 mfe=0.1200 mae=0.5900 energy=1.1363 coherence=-0.9200 asymmetry=-1 coh_zone=-2.0000 focus_point=-0.5468 focus_confidence=0.0000 target_lock=0.0104 target_drift=0.5057 signature_key=e:1.25|c:-1.00|a:-1|cp:-1.00|ri:0.00|fp:-0.60|fc:0.00|tl:0.00|td:0.60|ee:0.20|te:0.00|ap:0.40|pr:0.20|er:0.60|rm:0.80|lb:0.60|pw:1.00|pc:0.80|sr:0.00|nd:0.20|tm:0.00|th:0.50|mc:2.00|ms:12|at:2|ss:1 signature_bias=0.0000 signature_block=False signature_quality=0.0000 signature_distance=0.0969 context_cluster_id=ctx_35 context_cluster_bias=0.0406 context_cluster_quality=0.0406 context_cluster_distance=0.1696 context_cluster_block=False inhibition_level=0.2088 habituation_level=0.0146 competition_bias=-0.2145 observation_mode=False long_score=-2.6631 short_score=1.4950 felt_bearing_score=0.0000 felt_profile_label=mixed_unclear pnl=-0.2830
EXIT SL | time=N/A side=SHORT entry=124.2224 tp=122.9232 sl=124.5072 risk=0.2848 mfe=0.2224 mae=0.2976 energy=1.1411 coherence=-0.9360 asymmetry=-1 coh_zone=-2.0000 focus_point=-0.4861 focus_confidence=0.0000 target_lock=0.0555 target_drift=0.4555 signature_key=e:1.25|c:-1.00|a:-1|cp:-1.00|ri:0.00|fp:-0.40|fc:0.00|tl:0.00|td:0.40|ee:0.40|te:0.00|ap:0.60|pr:0.00|er:0.40|rm:0.60|lb:0.60|pw:1.00|pc:0.80|sr:0.00|nd:0.20|tm:0.00|th:0.50|mc:2.25|ms:12|at:2|ss:1 signature_bias=0.0000 signature_block=False signature_quality=0.0000 signature_distance=0.0892 context_cluster_id=ctx_35 context_cluster_bias=-0.0651 context_cluster_quality=-0.0651 context_cluster_distance=0.1807 context_cluster_block=False inhibition_level=0.2162 habituation_level=0.0300 competition_bias=-0.2025 observation_mode=False long_score=-2.1647 short_score=1.1514 felt_bearing_score=0.0000 felt_profile_label=mixed_unclear pnl=-0.2848
EXIT TP | time=N/A side=SHORT entry=123.4000 tp=122.3985 sl=124.0926 risk=0.6926 mfe=1.9600 mae=0.5800 energy=1.1224 coherence=-0.8385 asymmetry=-1 coh_zone=-2.0000 focus_point=-0.4877 focus_confidence=0.0000 target_lock=0.0299 target_drift=0.4134 signature_key=e:1.00|c:-0.80|a:-1|cp:-0.75|ri:0.00|fp:-0.40|fc:0.00|tl:0.00|td:0.40|ee:0.40|te:0.00|ap:0.60|pr:0.00|er:0.60|rm:0.80|lb:0.60|pw:1.00|pc:0.80|sr:0.00|nd:0.20|tm:0.00|th:0.50|mc:-2.75|ms:12|at:-2|ss:1 signature_bias=0.0000 signature_block=False signature_quality=0.0000 signature_distance=0.0719 context_cluster_id=ctx_6 context_cluster_bias=-0.2375 context_cluster_quality=-0.2375 context_cluster_distance=0.0577 context_cluster_block=False inhibition_level=0.2716 habituation_level=0.0181 competition_bias=-0.1963 observation_mode=False long_score=-3.0572 short_score=1.1865 felt_bearing_score=0.0000 felt_profile_label=mixed_unclear pnl=1.0015
EXIT TP | time=N/A side=LONG entry=115.8569 tp=117.1625 sl=115.5979 risk=0.2589 mfe=1.3631 mae=0.0869 energy=0.8323 coherence=0.5840 asymmetry=1 coh_zone=1.0000 focus_point=0.4476 focus_confidence=0.2037 target_lock=0.3159 target_drift=-0.4321 signature_key=e:0.75|c:0.60|a:1|cp:0.75|ri:0.00|fp:0.40|fc:0.20|tl:0.40|td:-0.40|ee:0.40|te:0.20|ap:0.60|pr:0.20|er:0.60|rm:0.80|lb:0.80|pw:1.00|pc:0.80|sr:0.20|nd:0.20|tm:0.50|th:0.25|mc:2.50|ms:12|at:2|ss:1 signature_bias=0.0000 signature_block=False signature_quality=0.0000 signature_distance=0.0812 context_cluster_id=ctx_7 context_cluster_bias=-0.2400 context_cluster_quality=-0.2877 context_cluster_distance=0.1096 context_cluster_block=False inhibition_level=0.1644 habituation_level=0.0614 competition_bias=0.1689 observation_mode=False long_score=1.3273 short_score=-2.5812 felt_bearing_score=0.0000 felt_profile_label=mixed_unclear pnl=1.3057
EXIT SL | time=N/A side=SHORT entry=104.5400 tp=103.4547 sl=105.1022 risk=0.5622 mfe=0.5800 mae=1.4800 energy=1.0854 coherence=-0.7189 asymmetry=-1 coh_zone=-2.0000 focus_point=-0.4187 focus_confidence=0.0000 target_lock=0.0183 target_drift=0.3290 signature_key=e:1.00|c:-0.80|a:-1|cp:-1.00|ri:0.00|fp:-0.40|fc:0.00|tl:0.00|td:0.40|ee:0.20|te:0.00|ap:0.60|pr:0.00|er:0.40|rm:0.60|lb:0.60|pw:1.00|pc:0.80|sr:0.00|nd:0.20|tm:0.00|th:0.50|mc:-2.50|ms:12|at:-2|ss:1 signature_bias=0.0000 signature_block=False signature_quality=0.0000 signature_distance=0.0958 context_cluster_id=ctx_15 context_cluster_bias=-0.1828 context_cluster_quality=-0.1828 context_cluster_distance=0.1464 context_cluster_block=False inhibition_level=0.2188 habituation_level=0.0101 competition_bias=-0.1724 observation_mode=False long_score=-2.8753 short_score=1.3680 felt_bearing_score=0.0000 felt_profile_label=mixed_unclear pnl=-0.5622
EXIT SL | time=N/A side=SHORT entry=101.1600 tp=99.9803 sl=102.0532 risk=0.8932 mfe=0.1000 mae=1.2800 energy=1.2217 coherence=-0.8329 asymmetry=-1 coh_zone=-2.0000 focus_point=-0.5288 focus_confidence=0.0000 target_lock=0.0040 target_drift=0.3430 signature_key=e:1.25|c:-0.80|a:-1|cp:-0.75|ri:-0.20|fp:-0.60|fc:0.00|tl:0.00|td:0.40|ee:0.20|te:0.00|ap:0.60|pr:0.00|er:0.60|rm:1.00|lb:0.80|pw:1.00|pc:0.80|sr:0.00|nd:0.20|tm:0.00|th:0.50|mc:-1.75|ms:12|at:-2|ss:1 signature_bias=0.0000 signature_block=False signature_quality=0.0000 signature_distance=0.0862 context_cluster_id=ctx_10 context_cluster_bias=-0.2400 context_cluster_quality=-0.2613 context_cluster_distance=0.1180 context_cluster_block=False inhibition_level=0.2663 habituation_level=0.0097 competition_bias=-0.2134 observation_mode=False long_score=-2.8320 short_score=1.3334 felt_bearing_score=0.0000 felt_profile_label=mixed_unclear pnl=-0.8932
EXIT SL | time=N/A side=SHORT entry=102.8000 tp=101.7889 sl=103.2965 risk=0.4965 mfe=0.1400 mae=0.7200 energy=1.0581 coherence=-0.7277 asymmetry=-1 coh_zone=-2.0000 focus_point=-0.2994 focus_confidence=0.0000 target_lock=0.0615 target_drift=0.2273 signature_key=e:1.00|c:-0.80|a:-1|cp:-1.00|ri:0.00|fp:-0.20|fc:0.00|tl:0.00|td:0.20|ee:0.20|te:0.00|ap:0.60|pr:0.00|er:0.60|rm:0.80|lb:0.60|pw:1.00|pc:0.80|sr:0.00|nd:0.20|tm:0.00|th:0.50|mc:-2.75|ms:12|at:-2|ss:1 signature_bias=0.0000 signature_block=False signature_quality=0.0000 signature_distance=0.0850 context_cluster_id=ctx_5 context_cluster_bias=-0.1714 context_cluster_quality=-0.1714 context_cluster_distance=0.0938 context_cluster_block=False inhibition_level=0.2384 habituation_level=0.0190 competition_bias=-0.1237 observation_mode=False long_score=-3.0087 short_score=1.3251 felt_bearing_score=0.0000 felt_profile_label=mixed_unclear pnl=-0.4965
EXIT SL | time=N/A side=SHORT entry=97.3463 tp=96.3214 sl=97.6521 risk=0.3059 mfe=0.0000 mae=0.7637 energy=1.1634 coherence=-0.8876 asymmetry=-1 coh_zone=-2.0000 focus_point=-0.4012 focus_confidence=0.0000 target_lock=0.0376 target_drift=0.3253 signature_key=e:1.25|c:-0.80|a:-1|cp:-1.00|ri:0.00|fp:-0.40|fc:0.00|tl:0.00|td:0.40|ee:0.20|te:0.00|ap:0.60|pr:0.00|er:0.60|rm:0.80|lb:0.60|pw:1.00|pc:0.80|sr:0.00|nd:0.20|tm:0.00|th:0.50|mc:-1.75|ms:12|at:-2|ss:1 signature_bias=0.0000 signature_block=False signature_quality=0.0000 signature_distance=0.0619 context_cluster_id=ctx_2 context_cluster_bias=-0.0820 context_cluster_quality=-0.0820 context_cluster_distance=0.0600 context_cluster_block=False inhibition_level=0.1933 habituation_level=0.0184 competition_bias=-0.1690 observation_mode=False long_score=-3.0013 short_score=1.3455 felt_bearing_score=0.0000 felt_profile_label=mixed_unclear pnl=-0.3059
EXIT TP | time=N/A side=SHORT entry=84.9800 tp=84.5321 sl=86.1877 risk=1.2077 mfe=1.2300 mae=0.0000 energy=1.0233 coherence=-0.6036 asymmetry=-1 coh_zone=-2.0000 focus_point=-0.4460 focus_confidence=0.0000 target_lock=0.0244 target_drift=0.3301 signature_key=e:1.00|c:-0.60|a:-1|cp:-0.75|ri:-0.20|fp:-0.40|fc:0.00|tl:0.00|td:0.40|ee:0.20|te:0.00|ap:0.40|pr:0.00|er:0.40|rm:0.60|lb:0.40|pw:1.00|pc:0.60|sr:0.00|nd:0.20|tm:0.00|th:0.25|mc:-2.75|ms:12|at:-2|ss:1 signature_bias=0.0000 signature_block=False signature_quality=0.0000 signature_distance=0.0977 context_cluster_id=ctx_25 context_cluster_bias=-0.0687 context_cluster_quality=-0.0687 context_cluster_distance=0.1557 context_cluster_block=False inhibition_level=0.2049 habituation_level=0.0127 competition_bias=-0.1623 observation_mode=False long_score=-2.8544 short_score=1.1260 felt_bearing_score=0.0000 felt_profile_label=mixed_unclear pnl=0.4479
EXIT TP | time=N/A side=LONG entry=83.6700 tp=84.6762 sl=83.0592 risk=0.6108 mfe=1.1400 mae=0.1000 energy=1.1824 coherence=0.7870 asymmetry=1 coh_zone=2.0000 focus_point=0.4309 focus_confidence=0.2789 target_lock=0.3162 target_drift=-0.3116 signature_key=e:1.25|c:0.80|a:1|cp:1.00|ri:0.20|fp:0.40|fc:0.20|tl:0.40|td:-0.40|ee:0.40|te:0.20|ap:0.60|pr:0.40|er:0.40|rm:0.80|lb:0.60|pw:1.00|pc:0.60|sr:0.40|nd:0.20|tm:0.75|th:0.25|mc:1.50|ms:12|at:2|ss:1 signature_bias=0.0000 signature_block=False signature_quality=0.0000 signature_distance=0.0877 context_cluster_id=ctx_74 context_cluster_bias=-0.2400 context_cluster_quality=-0.3600 context_cluster_distance=0.1286 context_cluster_block=False inhibition_level=0.2115 habituation_level=0.0449 competition_bias=0.1656 observation_mode=False long_score=1.5291 short_score=-2.9983 felt_bearing_score=0.0000 felt_profile_label=mixed_unclear pnl=1.0062
EXIT TP | time=N/A side=SHORT entry=85.4500 tp=84.9137 sl=86.7818 risk=1.3318 mfe=0.6200 mae=0.0000 energy=1.1596 coherence=-0.7608 asymmetry=-1 coh_zone=-2.0000 focus_point=-0.7138 focus_confidence=0.0000 target_lock=0.1812 target_drift=0.5571 signature_key=e:1.25|c:-0.80|a:-1|cp:-1.00|ri:-0.20|fp:-0.80|fc:0.20|tl:0.20|td:0.60|ee:0.20|te:0.00|ap:0.60|pr:0.60|er:0.60|rm:0.80|lb:0.60|pw:1.00|pc:0.40|sr:0.00|nd:0.20|tm:0.00|th:0.50|mc:-2.00|ms:12|at:-2|ss:1 signature_bias=0.0000 signature_block=False signature_quality=0.0000 signature_distance=0.1073 context_cluster_id=ctx_15 context_cluster_bias=-0.2400 context_cluster_quality=-0.2871 context_cluster_distance=0.1645 context_cluster_block=False inhibition_level=0.2699 habituation_level=0.0237 competition_bias=-0.2665 observation_mode=False long_score=-2.8855 short_score=1.5382 felt_bearing_score=0.0000 felt_profile_label=mixed_unclear pnl=0.5363
EXIT SL | time=N/A side=SHORT entry=87.3500 tp=86.4885 sl=87.6478 risk=0.2978 mfe=0.7200 mae=0.3300 energy=1.1531 coherence=-0.8800 asymmetry=-1 coh_zone=-2.0000 focus_point=-0.5719 focus_confidence=0.0000 target_lock=0.0196 target_drift=0.5079 signature_key=e:1.25|c:-0.80|a:-1|cp:-0.75|ri:0.00|fp:-0.60|fc:0.00|tl:0.00|td:0.60|ee:0.20|te:0.00|ap:0.40|pr:0.00|er:0.60|rm:0.80|lb:0.60|pw:1.00|pc:0.80|sr:0.00|nd:0.20|tm:0.00|th:0.50|mc:-1.75|ms:12|at:-2|ss:1 signature_bias=0.0000 signature_block=False signature_quality=0.0000 signature_distance=0.0881 context_cluster_id=ctx_32 context_cluster_bias=-0.2400 context_cluster_quality=-0.2564 context_cluster_distance=0.1427 context_cluster_block=False inhibition_level=0.2619 habituation_level=0.0230 competition_bias=-0.2298 observation_mode=False long_score=-2.7543 short_score=1.2804 felt_bearing_score=0.0000 felt_profile_label=mixed_unclear pnl=-0.2978
EXIT SL | time=N/A side=LONG entry=87.6692 tp=88.6503 sl=87.3961 risk=0.2732 mfe=0.0508 mae=0.3292 energy=0.8540 coherence=0.5162 asymmetry=1 coh_zone=1.0000 focus_point=0.2275 focus_confidence=0.1899 target_lock=0.2279 target_drift=-0.1818 signature_key=e:0.75|c:0.60|a:1|cp:0.50|ri:0.00|fp:0.20|fc:0.20|tl:0.20|td:-0.20|ee:0.40|te:0.00|ap:0.60|pr:0.40|er:0.60|rm:0.80|lb:0.60|pw:1.00|pc:0.80|sr:0.20|nd:0.20|tm:0.50|th:0.25|mc:1.75|ms:12|at:2|ss:1 signature_bias=0.0000 signature_block=False signature_quality=0.0000 signature_distance=0.1050 context_cluster_id=ctx_103 context_cluster_bias=0.0365 context_cluster_quality=0.0365 context_cluster_distance=0.1205 context_cluster_block=False inhibition_level=0.1606 habituation_level=0.0469 competition_bias=0.0847 observation_mode=False long_score=1.2048 short_score=-2.0350 felt_bearing_score=0.0000 felt_profile_label=mixed_unclear pnl=-0.2732
EXIT TP | time=N/A side=SHORT entry=86.3443 tp=85.4305 sl=86.7085 risk=0.3641 mfe=1.0843 mae=0.0557 energy=1.1589 coherence=-0.8171 asymmetry=-1 coh_zone=-2.0000 focus_point=-0.4060 focus_confidence=0.0000 target_lock=0.0288 target_drift=0.3068 signature_key=e:1.25|c:-0.80|a:-1|cp:-0.75|ri:0.00|fp:-0.40|fc:0.00|tl:0.00|td:0.40|ee:0.20|te:0.00|ap:0.60|pr:0.00|er:0.60|rm:0.80|lb:0.60|pw:1.00|pc:0.80|sr:0.00|nd:0.20|tm:0.00|th:0.50|mc:-2.75|ms:12|at:-2|ss:1 signature_bias=0.0000 signature_block=False signature_quality=0.0000 signature_distance=0.0212 context_cluster_id=ctx_16 context_cluster_bias=0.0956 context_cluster_quality=0.0956 context_cluster_distance=0.0489 context_cluster_block=False inhibition_level=0.2524 habituation_level=0.0130 competition_bias=-0.1722 observation_mode=False long_score=-2.9092 short_score=1.3561 felt_bearing_score=0.0000 felt_profile_label=mixed_unclear pnl=0.9138
EXIT SL | time=N/A side=SHORT entry=82.9900 tp=82.1272 sl=83.4866 risk=0.4966 mfe=0.0300 mae=0.8700 energy=1.2651 coherence=-0.9048 asymmetry=-1 coh_zone=-2.0000 focus_point=-0.4912 focus_confidence=0.0000 target_lock=0.0409 target_drift=0.3519 signature_key=e:1.25|c:-1.00|a:-1|cp:-1.00|ri:-0.20|fp:-0.40|fc:0.00|tl:0.00|td:0.40|ee:0.20|te:0.00|ap:0.60|pr:0.00|er:0.60|rm:0.80|lb:0.60|pw:1.00|pc:0.60|sr:0.00|nd:0.20|tm:0.00|th:0.50|mc:-1.25|ms:12|at:-1|ss:1 signature_bias=0.0000 signature_block=False signature_quality=0.0000 signature_distance=0.0515 context_cluster_id=ctx_32 context_cluster_bias=-0.2400 context_cluster_quality=-0.3067 context_cluster_distance=0.1395 context_cluster_block=False inhibition_level=0.2794 habituation_level=0.0191 competition_bias=-0.2033 observation_mode=False long_score=-2.8160 short_score=1.3683 felt_bearing_score=0.0000 felt_profile_label=mixed_unclear pnl=-0.4966
EXIT SL | time=N/A side=LONG entry=80.7400 tp=81.6664 sl=80.4970 risk=0.2430 mfe=0.1500 mae=0.2700 energy=1.1537 coherence=0.8875 asymmetry=1 coh_zone=2.0000 focus_point=0.5264 focus_confidence=0.3415 target_lock=0.3869 target_drift=-0.4595 signature_key=e:1.25|c:0.80|a:1|cp:1.00|ri:0.00|fp:0.60|fc:0.20|tl:0.40|td:-0.40|ee:0.60|te:0.20|ap:0.80|pr:0.00|er:0.60|rm:0.80|lb:0.60|pw:1.00|pc:0.80|sr:0.40|nd:0.20|tm:1.00|th:0.25|mc:2.25|ms:12|at:2|ss:1 signature_bias=0.0000 signature_block=False signature_quality=0.0000 signature_distance=0.0569 context_cluster_id=ctx_3 context_cluster_bias=-0.2400 context_cluster_quality=-0.2865 context_cluster_distance=0.1281 context_cluster_block=False inhibition_level=0.1721 habituation_level=0.0603 competition_bias=0.2114 observation_mode=False long_score=1.8583 short_score=-2.9072 felt_bearing_score=0.0000 felt_profile_label=mixed_unclear pnl=-0.2430
EXIT TP | time=N/A side=SHORT entry=77.5619 tp=76.7314 sl=78.0046 risk=0.4426 mfe=0.8819 mae=0.3681 energy=1.2677 coherence=-0.9078 asymmetry=-1 coh_zone=-2.0000 focus_point=-0.5155 focus_confidence=0.0000 target_lock=0.0025 target_drift=0.3821 signature_key=e:1.25|c:-1.00|a:-1|cp:-1.00|ri:-0.20|fp:-0.60|fc:0.00|tl:0.00|td:0.40|ee:0.20|te:0.00|ap:0.40|pr:0.00|er:0.60|rm:0.80|lb:0.80|pw:1.00|pc:0.80|sr:0.00|nd:0.20|tm:0.00|th:0.50|mc:-2.75|ms:12|at:-2|ss:1 signature_bias=0.0000 signature_block=False signature_quality=0.0000 signature_distance=0.0269 context_cluster_id=ctx_94 context_cluster_bias=0.1861 context_cluster_quality=0.1861 context_cluster_distance=0.1410 context_cluster_block=False inhibition_level=0.2646 habituation_level=0.0047 competition_bias=-0.2005 observation_mode=False long_score=-3.3253 short_score=1.7829 felt_bearing_score=0.0000 felt_profile_label=mixed_unclear pnl=0.8306
EXIT SL | time=N/A side=SHORT entry=85.2385 tp=84.3399 sl=85.4750 risk=0.2365 mfe=0.0000 mae=0.3915 energy=0.9594 coherence=-0.6655 asymmetry=-1 coh_zone=-2.0000 focus_point=-0.2575 focus_confidence=0.0000 target_lock=0.0724 target_drift=0.2106 signature_key=e:1.00|c:-0.60|a:-1|cp:-0.75|ri:0.00|fp:-0.20|fc:0.00|tl:0.00|td:0.20|ee:0.20|te:0.00|ap:0.40|pr:0.40|er:0.60|rm:1.00|lb:0.80|pw:1.00|pc:0.80|sr:0.00|nd:0.20|tm:0.00|th:0.50|mc:0.50|ms:12|at:1|ss:1 signature_bias=0.0000 signature_block=False signature_quality=0.0000 signature_distance=0.1785 context_cluster_id=ctx_61 context_cluster_bias=0.0641 context_cluster_quality=0.0641 context_cluster_distance=0.0928 context_cluster_block=False inhibition_level=0.1749 habituation_level=0.0219 competition_bias=-0.1211 observation_mode=False long_score=-1.6775 short_score=1.3474 felt_bearing_score=0.0000 felt_profile_label=mixed_unclear pnl=-0.2365
EXIT SL | time=N/A side=SHORT entry=88.0834 tp=87.1584 sl=88.2925 risk=0.2091 mfe=0.5234 mae=0.2266 energy=0.9346 coherence=-0.7133 asymmetry=-1 coh_zone=-2.0000 focus_point=-0.2571 focus_confidence=0.0000 target_lock=0.0442 target_drift=0.2390 signature_key=e:1.00|c:-0.80|a:-1|cp:-0.75|ri:0.00|fp:-0.20|fc:0.00|tl:0.00|td:0.20|ee:0.20|te:0.00|ap:0.40|pr:0.40|er:0.60|rm:0.80|lb:0.80|pw:1.00|pc:0.80|sr:0.00|nd:0.20|tm:0.00|th:0.25|mc:-0.75|ms:12|at:-1|ss:1 signature_bias=0.0000 signature_block=False signature_quality=0.0000 signature_distance=0.0419 context_cluster_id=ctx_35 context_cluster_bias=-0.1109 context_cluster_quality=-0.1109 context_cluster_distance=0.1811 context_cluster_block=False inhibition_level=0.1518 habituation_level=0.0203 competition_bias=-0.1159 observation_mode=False long_score=-2.2082 short_score=1.2085 felt_bearing_score=0.0000 felt_profile_label=mixed_unclear pnl=-0.2091
EXIT SL | time=N/A side=LONG entry=86.4800 tp=87.3876 sl=86.1677 risk=0.3123 mfe=0.2200 mae=0.7300 energy=1.2169 coherence=1.0000 asymmetry=1 coh_zone=2.0000 focus_point=0.1765 focus_confidence=0.4042 target_lock=0.3497 target_drift=-0.1209 signature_key=e:1.25|c:1.00|a:1|cp:1.00|ri:0.00|fp:0.20|fc:0.20|tl:0.40|td:-0.20|ee:0.60|te:0.20|ap:0.80|pr:0.00|er:0.60|rm:0.80|lb:0.60|pw:1.00|pc:0.80|sr:0.40|nd:0.20|tm:1.00|th:0.25|mc:1.50|ms:12|at:0|ss:1 signature_bias=0.0000 signature_block=False signature_quality=0.0000 signature_distance=0.1235 context_cluster_id=ctx_3 context_cluster_bias=-0.2400 context_cluster_quality=-0.3298 context_cluster_distance=0.1657 context_cluster_block=False inhibition_level=0.1975 habituation_level=0.0396 competition_bias=0.1042 observation_mode=False long_score=1.6719 short_score=-2.5105 felt_bearing_score=0.0000 felt_profile_label=mixed_unclear pnl=-0.3123
EXIT TP | time=N/A side=LONG entry=85.3700 tp=86.2446 sl=85.0358 risk=0.3342 mfe=1.0600 mae=0.0000 energy=1.1770 coherence=0.9280 asymmetry=1 coh_zone=2.0000 focus_point=0.3943 focus_confidence=0.3607 target_lock=0.3710 target_drift=-0.3286 signature_key=e:1.25|c:1.00|a:1|cp:1.00|ri:0.00|fp:0.40|fc:0.20|tl:0.40|td:-0.40|ee:0.40|te:0.20|ap:0.80|pr:0.20|er:0.60|rm:0.80|lb:0.60|pw:1.00|pc:0.80|sr:0.40|nd:0.20|tm:1.00|th:0.25|mc:1.50|ms:12|at:0|ss:1 signature_bias=0.0000 signature_block=False signature_quality=0.0000 signature_distance=0.0415 context_cluster_id=ctx_79 context_cluster_bias=-0.2074 context_cluster_quality=-0.2074 context_cluster_distance=0.1000 context_cluster_block=False inhibition_level=0.1597 habituation_level=0.0453 competition_bias=0.1706 observation_mode=False long_score=1.6668 short_score=-2.9907 felt_bearing_score=0.0000 felt_profile_label=mixed_unclear pnl=0.8746
EXIT SL | time=N/A side=SHORT entry=84.4468 tp=83.5635 sl=84.6343 risk=0.1875 mfe=0.0000 mae=0.5232 energy=0.8224 coherence=-0.4021 asymmetry=-1 coh_zone=-1.0000 focus_point=-0.5129 focus_confidence=0.0000 target_lock=0.1056 target_drift=0.5034 signature_key=e:0.75|c:-0.40|a:-1|cp:-1.00|ri:0.00|fp:-0.60|fc:0.00|tl:0.20|td:0.60|ee:0.20|te:0.00|ap:0.40|pr:0.40|er:0.40|rm:0.80|lb:0.60|pw:1.00|pc:0.60|sr:0.00|nd:0.40|tm:0.00|th:0.50|mc:-2.75|ms:12|at:-2|ss:1 signature_bias=0.0000 signature_block=False signature_quality=0.0000 signature_distance=0.1254 context_cluster_id=ctx_15 context_cluster_bias=-0.1460 context_cluster_quality=-0.1460 context_cluster_distance=0.1633 context_cluster_block=False inhibition_level=0.2669 habituation_level=0.0220 competition_bias=-0.1874 observation_mode=False long_score=-2.6925 short_score=1.2337 felt_bearing_score=0.0000 felt_profile_label=mixed_unclear pnl=-0.1875
EXIT SL | time=N/A side=LONG entry=81.4700 tp=82.4397 sl=81.2818 risk=0.1882 mfe=0.0500 mae=0.1900 energy=1.2050 coherence=1.0000 asymmetry=1 coh_zone=2.0000 focus_point=0.3762 focus_confidence=0.4068 target_lock=0.4477 target_drift=-0.3344 signature_key=e:1.25|c:1.00|a:1|cp:1.00|ri:0.00|fp:0.40|fc:0.20|tl:0.40|td:-0.40|ee:0.60|te:0.20|ap:0.80|pr:0.00|er:0.60|rm:0.80|lb:0.60|pw:1.00|pc:0.80|sr:0.40|nd:0.00|tm:1.00|th:0.25|mc:1.50|ms:12|at:0|ss:1 signature_bias=0.0000 signature_block=False signature_quality=0.0000 signature_distance=0.1458 context_cluster_id=ctx_69 context_cluster_bias=-0.1704 context_cluster_quality=-0.1704 context_cluster_distance=0.2252 context_cluster_block=False inhibition_level=0.1846 habituation_level=0.0719 competition_bias=0.1607 observation_mode=False long_score=1.6809 short_score=-3.0174 felt_bearing_score=0.0000 felt_profile_label=mixed_unclear pnl=-0.1882
EXIT TP | time=N/A side=LONG entry=82.8300 tp=83.5438 sl=82.2299 risk=0.6001 mfe=0.9000 mae=0.4500 energy=1.2146 coherence=0.8745 asymmetry=1 coh_zone=2.0000 focus_point=0.3261 focus_confidence=0.2925 target_lock=0.2974 target_drift=-0.2168 signature_key=e:1.25|c:0.80|a:1|cp:0.75|ri:0.20|fp:0.40|fc:0.20|tl:0.20|td:-0.20|ee:0.40|te:0.20|ap:0.60|pr:0.40|er:0.60|rm:0.80|lb:0.60|pw:1.00|pc:0.80|sr:0.40|nd:0.20|tm:0.75|th:0.50|mc:0.00|ms:12|at:1|ss:1 signature_bias=0.0000 signature_block=False signature_quality=0.0000 signature_distance=0.1508 context_cluster_id=ctx_7 context_cluster_bias=-0.2276 context_cluster_quality=-0.2276 context_cluster_distance=0.1993 context_cluster_block=False inhibition_level=0.2109 habituation_level=0.0325 competition_bias=0.1367 observation_mode=False long_score=1.2189 short_score=-2.2848 felt_bearing_score=0.0000 felt_profile_label=mixed_unclear pnl=0.7138
EXIT SL | time=N/A side=LONG entry=84.7100 tp=85.6668 sl=84.4908 risk=0.2192 mfe=0.3200 mae=0.3100 energy=1.1812 coherence=0.9467 asymmetry=1 coh_zone=2.0000 focus_point=0.3740 focus_confidence=0.3383 target_lock=0.3355 target_drift=-0.3196 signature_key=e:1.25|c:1.00|a:1|cp:1.00|ri:0.00|fp:0.40|fc:0.20|tl:0.40|td:-0.40|ee:0.40|te:0.00|ap:0.60|pr:0.00|er:0.60|rm:0.80|lb:0.60|pw:1.00|pc:0.80|sr:0.40|nd:0.20|tm:1.00|th:0.25|mc:-1.25|ms:12|at:-1|ss:1 signature_bias=0.0000 signature_block=False signature_quality=0.0000 signature_distance=0.0773 context_cluster_id=ctx_1 context_cluster_bias=-0.2051 context_cluster_quality=-0.2051 context_cluster_distance=0.0546 context_cluster_block=False inhibition_level=0.1691 habituation_level=0.0365 competition_bias=0.1714 observation_mode=False long_score=1.2111 short_score=-2.0819 felt_bearing_score=0.0000 felt_profile_label=mixed_unclear pnl=-0.2192
EXIT SL | time=N/A side=LONG entry=85.2200 tp=86.1706 sl=84.9985 risk=0.2215 mfe=0.3600 mae=0.2600 energy=0.9975 coherence=0.7560 asymmetry=1 coh_zone=2.0000 focus_point=0.4338 focus_confidence=0.2752 target_lock=0.3513 target_drift=-0.4009 signature_key=e:1.00|c:0.80|a:1|cp:1.00|ri:0.00|fp:0.40|fc:0.20|tl:0.40|td:-0.40|ee:0.40|te:0.20|ap:0.60|pr:0.00|er:0.60|rm:0.80|lb:0.80|pw:1.00|pc:0.80|sr:0.40|nd:0.20|tm:0.75|th:0.25|mc:0.25|ms:12|at:1|ss:1 signature_bias=0.0000 signature_block=False signature_quality=0.0000 signature_distance=0.0692 context_cluster_id=ctx_3 context_cluster_bias=-0.2400 context_cluster_quality=-0.3201 context_cluster_distance=0.1549 context_cluster_block=False inhibition_level=0.2021 habituation_level=0.0510 competition_bias=0.1798 observation_mode=False long_score=1.3024 short_score=-2.2983 felt_bearing_score=0.0000 felt_profile_label=mixed_unclear pnl=-0.2215
EXIT TP | time=N/A side=SHORT entry=80.1300 tp=79.4832 sl=80.7990 risk=0.6690 mfe=0.3500 mae=0.3900 energy=0.9793 coherence=-0.5475 asymmetry=-1 coh_zone=-1.0000 focus_point=-0.3525 focus_confidence=0.0000 target_lock=0.0127 target_drift=0.2903 signature_key=e:1.00|c:-0.60|a:-1|cp:-1.00|ri:0.00|fp:-0.40|fc:0.00|tl:0.00|td:0.20|ee:0.20|te:0.00|ap:0.60|pr:0.00|er:0.60|rm:0.80|lb:0.60|pw:1.00|pc:0.80|sr:0.00|nd:0.40|tm:0.00|th:0.75|mc:-2.25|ms:12|at:-2|ss:1 signature_bias=0.0000 signature_block=False signature_quality=0.0000 signature_distance=0.0646 context_cluster_id=ctx_15 context_cluster_bias=-0.1532 context_cluster_quality=-0.1532 context_cluster_distance=0.0985 context_cluster_block=False inhibition_level=0.2605 habituation_level=0.0109 competition_bias=-0.1524 observation_mode=False long_score=-2.6134 short_score=1.3996 felt_bearing_score=0.0000 felt_profile_label=mixed_unclear pnl=0.6468
EXIT SL | time=N/A side=SHORT entry=78.0358 tp=77.2231 sl=78.2149 risk=0.1791 mfe=0.2358 mae=0.3042 energy=0.9193 coherence=-0.6706 asymmetry=-1 coh_zone=-2.0000 focus_point=-0.3547 focus_confidence=0.0000 target_lock=0.0202 target_drift=0.3291 signature_key=e:1.00|c:-0.60|a:-1|cp:-1.00|ri:0.00|fp:-0.40|fc:0.00|tl:0.00|td:0.40|ee:0.20|te:0.00|ap:0.40|pr:0.00|er:0.40|rm:0.60|lb:0.60|pw:1.00|pc:0.80|sr:0.00|nd:0.20|tm:0.00|th:0.50|mc:-1.00|ms:12|at:-1|ss:1 signature_bias=0.0000 signature_block=False signature_quality=0.0000 signature_distance=0.1604 context_cluster_id=ctx_10 context_cluster_bias=-0.2280 context_cluster_quality=-0.2280 context_cluster_distance=0.1364 context_cluster_block=False inhibition_level=0.1659 habituation_level=0.0134 competition_bias=-0.1388 observation_mode=False long_score=-2.4863 short_score=1.1574 felt_bearing_score=0.0000 felt_profile_label=mixed_unclear pnl=-0.1791
EXIT TP | time=N/A side=LONG entry=88.1415 tp=89.1834 sl=87.9359 risk=0.2056 mfe=1.2585 mae=0.1415 energy=1.1629 coherence=0.9259 asymmetry=1 coh_zone=2.0000 focus_point=0.3478 focus_confidence=0.3655 target_lock=0.3200 target_drift=-0.2912 signature_key=e:1.25|c:1.00|a:1|cp:1.00|ri:0.00|fp:0.40|fc:0.20|tl:0.40|td:-0.20|ee:0.40|te:0.20|ap:0.80|pr:0.20|er:0.60|rm:1.00|lb:0.60|pw:1.00|pc:0.80|sr:0.40|nd:0.00|tm:0.75|th:0.25|mc:1.50|ms:12|at:0|ss:1 signature_bias=0.0000 signature_block=False signature_quality=0.0000 signature_distance=0.1508 context_cluster_id=ctx_79 context_cluster_bias=-0.1053 context_cluster_quality=-0.1053 context_cluster_distance=0.1139 context_cluster_block=False inhibition_level=0.1519 habituation_level=0.0352 competition_bias=0.1508 observation_mode=False long_score=1.5642 short_score=-2.8694 felt_bearing_score=0.0000 felt_profile_label=mixed_unclear pnl=1.0419
EXIT TP | time=N/A side=SHORT entry=86.7800 tp=85.7612 sl=87.6501 risk=0.8701 mfe=1.2300 mae=0.5100 energy=1.2094 coherence=-0.7970 asymmetry=-1 coh_zone=-2.0000 focus_point=-0.5158 focus_confidence=0.0000 target_lock=0.0127 target_drift=0.3097 signature_key=e:1.25|c:-0.80|a:-1|cp:-0.75|ri:-0.20|fp:-0.60|fc:0.00|tl:0.00|td:0.40|ee:0.20|te:0.00|ap:0.60|pr:0.00|er:0.60|rm:0.80|lb:0.80|pw:1.00|pc:0.80|sr:0.00|nd:0.20|tm:0.00|th:0.50|mc:-2.75|ms:12|at:-2|ss:1 signature_bias=0.0000 signature_block=False signature_quality=0.0000 signature_distance=0.0465 context_cluster_id=ctx_15 context_cluster_bias=-0.2400 context_cluster_quality=-0.2545 context_cluster_distance=0.1239 context_cluster_block=False inhibition_level=0.2960 habituation_level=0.0148 competition_bias=-0.2130 observation_mode=False long_score=-2.7482 short_score=1.1978 felt_bearing_score=0.0000 felt_profile_label=mixed_unclear pnl=1.0188
EXIT SL | time=N/A side=SHORT entry=82.6670 tp=81.7943 sl=82.9669 risk=0.2999 mfe=0.0470 mae=0.3830 energy=1.1273 coherence=-0.8224 asymmetry=-1 coh_zone=-2.0000 focus_point=-0.4358 focus_confidence=0.0000 target_lock=0.0779 target_drift=0.3538 signature_key=e:1.25|c:-0.80|a:-1|cp:-0.75|ri:0.00|fp:-0.40|fc:0.00|tl:0.00|td:0.40|ee:0.40|te:0.00|ap:0.60|pr:0.00|er:0.60|rm:1.00|lb:0.60|pw:1.00|pc:0.80|sr:0.00|nd:0.20|tm:0.00|th:0.50|mc:-0.25|ms:12|at:1|ss:1 signature_bias=0.0000 signature_block=False signature_quality=0.0000 signature_distance=0.0538 context_cluster_id=ctx_35 context_cluster_bias=-0.0739 context_cluster_quality=-0.0739 context_cluster_distance=0.0934 context_cluster_block=False inhibition_level=0.2153 habituation_level=0.0398 competition_bias=-0.1830 observation_mode=False long_score=-2.2707 short_score=1.3418 felt_bearing_score=0.0000 felt_profile_label=mixed_unclear pnl=-0.2999
EXIT SL | time=N/A side=LONG entry=81.1075 tp=82.0518 sl=80.9288 risk=0.1787 mfe=0.0000 mae=0.3075 energy=1.1232 coherence=0.8781 asymmetry=1 coh_zone=2.0000 focus_point=0.2558 focus_confidence=0.3397 target_lock=0.2989 target_drift=-0.2114 signature_key=e:1.00|c:0.80|a:1|cp:0.75|ri:0.00|fp:0.20|fc:0.20|tl:0.20|td:-0.20|ee:0.40|te:0.20|ap:0.60|pr:0.00|er:0.60|rm:1.00|lb:0.80|pw:1.00|pc:0.80|sr:0.40|nd:0.20|tm:0.75|th:0.25|mc:1.50|ms:12|at:0|ss:0 signature_bias=0.0000 signature_block=False signature_quality=0.0000 signature_distance=0.1804 context_cluster_id=ctx_104 context_cluster_bias=-0.1414 context_cluster_quality=-0.1414 context_cluster_distance=0.2169 context_cluster_block=False inhibition_level=0.1381 habituation_level=0.0261 competition_bias=0.1335 observation_mode=False long_score=1.3856 short_score=-1.7127 felt_bearing_score=0.0000 felt_profile_label=mixed_unclear pnl=-0.1787
